app,texto,estrellas,fecha,likes,largo_texto,sentimiento
Nequi,esa aplicación no sirve para nada. no sirve con PPT malísima la app estoy sin un peso por su culpa,1,2026-05-22,0,20,0
Nequi,muy buena,5,2026-05-22,0,2,1
Nequi,excelente,5,2026-05-22,0,1,1
Nequi,no epodido entrar a nequi que pasa con eso,5,2026-05-22,0,9,1
Nequi,"ALGO PASA CON LA APLICACION PORQUE TENGO VARIOS DIAS SIN PODER ABRIRLA,SIMPLEMENTE SE QUEDA EN BLANCO EL LOGO DE NEQUI GIRANDO Y NO ABRE Y SEGUN VEO EN LOS COMENTARIOS NO SOY EL UNICO AL QUE LE PASA. QUE ES LO QUE SUCEDE CON LA APLICACION ULTIMAMENTE???",1,2026-05-22,0,47,0
Nequi,llevo una semana sin poder a acceder a la app. me dirige a los ajustes que proporcione hora automática e ingreso y no me deje ingresar a la App,1,2026-05-22,0,29,0
Nequi,No tengo más que decir que es muy útil .,5,2026-05-22,0,10,1
Nequi,buena,4,2026-05-22,0,1,1
Nequi,es muy segura y es personal,5,2026-05-22,0,6,1
Nequi,buena,5,2026-05-22,0,1,1
Nequi,"Ya no permite pagos sin contacto, era por lo único que lo usaba",1,2026-05-22,0,13,0
Nequi,excelente,5,2026-05-22,0,1,1
Nequi,buena,5,2026-05-22,0,1,1
Nequi,a sido muy satifactoria,5,2026-05-22,0,4,1
Nequi,muy buena app,5,2026-05-22,0,3,1
Nequi,🫡🫠,4,2026-05-22,0,1,1
Nequi,grasias,4,2026-05-22,0,1,1
Nequi,excelente,5,2026-05-22,0,1,1
Nequi,la mejor,5,2026-05-22,0,2,1
Nequi,Excelente,5,2026-05-22,0,1,1
Nequi,buena aplicación,4,2026-05-22,0,2,1
Nequi,la desinstale y me pide la hora y ubicación en automático ya lo hice y aún así me sigue pidiendo la hora en automático. escribí a ayuda y solo me dicen que tendré que cambiar la contraseña desde la app nequi pero si no puedo ingresar como la podré cambiar??,1,2026-05-22,0,50,0
Nequi,no lee qr. se activa la Cámara apuntó al qr. siempre dice que el qr esta desactualizado. es ridículo.,1,2026-05-22,0,19,0
Nequi,Mala,1,2026-05-22,0,1,0
Nequi,mira cómo hago para cambiar el número de Netflix,5,2026-05-22,0,9,1
Nequi,todo bien,5,2026-05-22,0,2,1
Nequi,"excelente aplicativo, lo uso desde el exterior para todo lo referente a mis pagos y transferencias personales. Hasta el momento he contado con el mejor servicio .",5,2026-05-22,0,27,1
Nequi,muy buena cartera digital,5,2026-05-22,0,4,1
Nequi,muy exelente todo es sencillo y muy rápido,5,2026-05-22,0,8,1
Nequi,muy buena excelente app,4,2026-05-22,0,4,1
Nequi,Chimba,5,2026-05-22,0,1,1
Nequi,Por el momento es muy util,5,2026-05-22,0,6,1
Nequi,por que mi nequi me pide fecha y hora automática reiteradamente y no me deja entrar 🙄🙄,2,2026-05-22,0,17,0
Nequi,excelente,5,2026-05-22,0,1,1
Nequi,excelente,5,2026-05-22,0,1,1
Nequi,Muy bueno,5,2026-05-22,0,2,1
Nequi,no tengo,1,2026-05-22,0,2,0
Nequi,bien,5,2026-05-22,0,1,1
Nequi,muy bueno,5,2026-05-22,0,2,1
Nequi,"realice un pago y en el comercio no aparecio, no me dan respuesta ninguna en las ayudas, que actualice y q reporte",4,2026-05-22,0,22,1
Nequi,Excelente,5,2026-05-22,0,1,1
Nequi,por que no instala el nequi y sigue bloqueado lo nesecito yo no la uso para ventas de nada si no tengo nda para vender es personal no instala en la pantalla de aplicaciones me puede dar una respuesta,5,2026-05-22,0,39,1
Nequi,Excelente para transferencias y pagos,5,2026-05-22,0,5,1
Nequi,muibie,5,2026-05-22,0,1,1
Nequi,muy buena,5,2026-05-22,0,2,1
Nequi,Todo está súper bien muchas gracias,5,2026-05-22,0,6,1
Nequi,excelente app,2,2026-05-22,0,2,0
Nequi,bueno,5,2026-05-22,0,1,1
Nequi,excelente,5,2026-05-22,0,1,1
Nequi,súper bien,5,2026-05-22,0,2,1
Nequi,excelente,5,2026-05-22,0,1,1
Nequi,Excelente banco,5,2026-05-21,0,2,1
Nequi,exelente,5,2026-05-21,0,1,1
Nequi,"Basura de entidad, parametrizan mal el destinatario a donde se va pagar el servicio público, no envían el dinero a la entidad donde uno va pagar, envían el dinero a un tal Gou Payments, cuando pide ayuda, lo único que dicen es: ""hable con PSE"" conclusión, terminé sin el dinero del recibo, la entidad de servicio público me corta el servicio y aunque tengo CUS de PSE, tengo el descuento en Nequi, no ayudan a saber entonces a dónde se fue y quién es Gou Payments, Ojalá quiebren su basura de entidad",1,2026-05-21,0,92,0
Nequi,es la mejor plataforma de pago,5,2026-05-21,0,6,1
Nequi,maluca esta app no reconoce ni un rostro a la hora de crear la cuenta,1,2026-05-21,0,15,0
Nequi,realmente excelente no he tenido fallas por el momento con nequi en verdad por el momento 💜💜😊,5,2026-05-21,0,17,1
Nequi,excelente,5,2026-05-21,0,1,1
Nequi,falta por mejorar pero van por un buen camino,4,2026-05-21,0,9,1
Nequi,no fue posible descargar movimientos de mayo 2026 que necesito URGENTE!,1,2026-05-21,0,11,0
Nequi,tengo problemas con el reconocer facial y no coje la identidad,1,2026-05-21,0,11,0
Nequi,muy buena aplicación,5,2026-05-21,0,3,1
Nequi,muy bueno exelente pp,5,2026-05-21,0,4,1
Nequi,exelente. lo único barro es cuando se cae.,4,2026-05-21,0,8,1
Nequi,buena,5,2026-05-21,0,1,1
Nequi,excelente el servicio,5,2026-05-21,0,3,1
Nequi,muy buena,5,2026-05-21,0,2,1
Nequi,. A advirtió,5,2026-05-21,0,3,1
Nequi,excelente,5,2026-05-21,0,1,1
Nequi,mucho,5,2026-05-21,0,1,1
Nequi,excelente,5,2026-05-21,0,1,1
Nequi,la aplicación es buena pero ay veces q se cae,5,2026-05-21,0,10,1
Nequi,es genial la recomiendo mucho,5,2026-05-21,0,5,1
Nequi,11 de marzo de 2005,5,2026-05-21,0,5,1
Nequi,"Nequi me ha facilitado la vida en muchas cosas que antes me quitaban tiempo, tiempo que necesito y es oro para mi a mis 67 años. Gracias Nequi por existir.",5,2026-05-21,0,30,1
Nequi,en realidad esta funcionando últimamente mal el servicio de nequi,1,2026-05-21,0,10,0
Nequi,me encantó,5,2026-05-21,0,2,1
Nequi,es genial en practicidad,5,2026-05-21,0,4,1
Nequi,es muy bodria y tiene mala atención al cliente reporte un caso donde me bloquearon la tarjeta por una compra sospechosa y no me dejaron restablecer mu tarjeta ni me mandaron una modo de activarla ya lleva 5 meses bloqueada y no tengo respuesta alguna,1,2026-05-21,0,45,0
Nequi,como puedo canviar micoreo es eselente pero no epodido engresar,5,2026-05-21,0,10,1
Nequi,chebre,5,2026-05-21,0,1,1
Nequi,Muy bueno,5,2026-05-21,0,2,1
Nequi,Funciona bien,5,2026-05-21,0,2,1
Nequi,excelente,5,2026-05-21,0,1,1
Nequi,exelente,5,2026-05-21,0,1,1
Nequi,excelente app,5,2026-05-21,0,2,1
Nequi,bien,5,2026-05-21,0,1,1
Nequi,demasiado caída esta plataforma.ES HORRIBLE ESTA PLATAFORMA.,5,2026-05-21,0,7,1
Nequi,muy buena,5,2026-05-21,0,2,1
Nequi,Excelente servicio,5,2026-05-21,0,2,1
Nequi,debe mejorar,5,2026-05-21,0,2,1
Nequi,muibuena,5,2026-05-21,0,1,1
Nequi,es muy bueno,5,2026-05-21,0,3,1
Nequi,excelente amigo sigue así pero con Paypal si hay errores le descuentan el 6 y 7 % de comisión,5,2026-05-21,0,19,1
Nequi,bueno,5,2026-05-21,0,1,1
Nequi,genial,5,2026-05-21,0,1,1
Nequi,no puedo entrar cuando lo necesito,2,2026-05-21,0,6,0
Nequi,muy buena la plicacion llega un momento que alcanzas el topo maximo de sacar dinero y tienes que esperar a que pase un mes en si mi plata es mas suya que mia y como no puedo sacar cuenta de ahorra . por que tengo ppt es tedioso mejor volver al pasado tenrr efectivo,2,2026-05-21,0,54,0
Nequi,bien,4,2026-05-21,0,1,1
Nequi,osea no entiendo por qué cuando pongo mi clave me dise varias veses que es incorrecta sin ninguna explicación no muestra reconocimiento facial para ver si es alguien que está intentando Jakear mi cuenta no me dise nada ahora pierdo todo por culpa de ustedes no dan explicaciónes traten de mejorar esta App por favor muchos error Bugs así no es le doy una estrella gass,1,2026-05-21,0,66,0
Nequi,está bien,5,2026-05-21,0,2,1
Nequi,Me cerraron la cuenta sin previo aviso y el sistema no me deja volver a crear una. Aún tenía saldo adentro.,1,2026-05-21,0,21,0
Nequi,es super bueno,5,2026-05-21,0,3,1
Nequi,lo mejor,5,2026-05-21,0,2,1
Nequi,muy bueno,5,2026-05-21,0,2,1
Nequi,errrtrrr TT t torre 3 te lo eenvío,5,2026-05-21,0,8,1
Nequi,me parece un buen servicio y espero que sigan mejorando,5,2026-05-21,0,10,1
Nequi,Buenos días. excelente servicio y facilidad a nuestras necesidades.Porque en los barrios cobran por retiro de nequi?. Gracias.,5,2026-05-21,0,18,1
Nequi,"Eficiencia, confianza y agilidad, factores que predominan en la app",5,2026-05-21,0,10,1
Nequi,excelente,5,2026-05-21,0,1,1
Nequi,Bien,5,2026-05-21,0,1,1
Nequi,es muy buena la aplicación lo malo es que si uno pasa de 600 a un millón ya cobran intereses o tiene a acumulado seis o siete millones la misma vaina cobran intereses,5,2026-05-21,0,33,1
Nequi,excelente,5,2026-05-21,0,1,1
Nequi,Muy bueno,5,2026-05-21,0,2,1
Nequi,"nequi y daviplata están fallando, lenta para iniciar al igual que la carga después del inicio. se requiere una nueva actualización que corrija estos errores.",2,2026-05-21,0,25,0
Nequi,me encanta ☺️,5,2026-05-21,0,3,1
Nequi,"Tendrían 5 si le agregaran algo que tienen todas las billeteras y bancos... ver tu saldo al intentar enviar dinero, siempre le toca a uno devolverse a la pantalla principal para ver cuanto saldo se tiene.",4,2026-05-21,0,36,1
Nequi,te amo neki gracias por tus bendiciones,5,2026-05-21,0,7,1
Nequi,Me gusta mucho,5,2026-05-21,0,3,1
Nequi,excelente,5,2026-05-21,0,1,1
Nequi,perfecta 💯,5,2026-05-21,0,2,1
Nequi,"muy buena, aunque a veces se cae y te deja bloqueado sin el dinero",4,2026-05-21,0,14,1
Nequi,me gusta porque ya muchas personas usan Nequi y es fácil la transacción,5,2026-05-21,0,13,1
Nequi,una app muy buena y recomendada,5,2026-05-21,0,6,1
Nequi,Supera bueno,5,2026-05-21,0,2,1
Nequi,Muy Interesante,5,2026-05-21,0,2,1
Nequi,no me coje Por qué tengo 70 años,1,2026-05-21,0,8,0
Nequi,"llevo tanto tiempo queriendo crearme un cuenta siempelmte no me deja coloco bien la info de los documentos míos y de mi padre también subo el registro civil nítido y va bien la cosa pero luego en el momento donde dice que están guardando mis datos siempre me aparece un ""¡ups! no podemos guardar tu info estamos presentando una falla para guardar tu info nos encontramos trabajando por encontrar una solución lo antes posible. porfa inténtalo más tarde"" lo sigo intentando y siempre es lo mismo",1,2026-05-21,0,86,0
Nequi,tengo la cuenta bloqueado y no me dan solución,1,2026-05-21,0,9,0
Nequi,Super excelente,5,2026-05-21,0,2,1
Nequi,es muy 👍,5,2026-05-21,0,3,1
Nequi,genial,5,2026-05-21,0,1,1
Nequi,excelente,5,2026-05-21,0,1,1
Nequi,excelente gracias,5,2026-05-21,0,2,1
Nequi,es la mejor cuenta por la Rapides en los mobimientos que yo aga en cuestion de plata es mui eficas en todos los aspectos gracias por aserme la vida mas facil y segura es una aplicacion mui segura en cuanto si soy yo el que este utilisando la cuenta es mui con fiable para todo el que use nequi gracias ....att edison,5,2026-05-21,0,62,1
Nequi,Me parece genial una forma fácil de recibir y transferir dinero. muchas gracias,5,2026-05-21,0,13,1
Nequi,lo mejor,5,2026-05-21,0,2,1
Nequi,bno,5,2026-05-21,0,1,1
Nequi,muy buena aplicación,5,2026-05-21,0,3,1
Nequi,Fácil de usar,4,2026-05-21,0,3,1
Nequi,queago,5,2026-05-21,0,1,1
Nequi,muy mal,1,2026-05-21,0,2,0
Nequi,"Que pésimo servicio con las limitaciones de monto, cómo puedes cobrar y pagar con un límite de 11 MLL al mes. ofrecen el Nequi para negocio con estas ridículas limitaciones. Cómo puede un negocio confiar en sus servicios? tenía que hacer un pago y al 20 de mayo, no puedo mover mi dinero hasta el mes de junio",2,2026-05-20,0,58,0
Nequi,Se cae mucho,4,2026-05-20,0,3,1
Nequi,Bueno,5,2026-05-20,0,1,1
Nequi,muy bueno,5,2026-05-20,0,2,1
Nequi,bueno,5,2026-05-20,0,1,1
Nequi,mui vien se la recomiendo 👌,5,2026-05-20,0,6,1
Nequi,"Es mala, pésima. el día 5 de mayo me robaron el celular y fui a Bancolombia dónde me dieron el número celular y llamé pero me pidieron fotos anterior y posterior de la cédula y una foto con la cédula en la cara. desde ese día hasta hoy 19 de mayo no he podido ingresar y para rematar solo tiene un número para llamar, no tiene oficina física, por el correo no se puede enviar derecho de petición porque dicen que no es el medio. me voy a quejar ante la superintendencia financiera. por su burla",1,2026-05-20,0,96,0
Nequi,me parece muy interesante pero ya comenzó con fallas en entrar a la app,5,2026-05-20,0,14,1
Nequi,es .uy fácil de manejar y facilita las vida,5,2026-05-20,0,9,1
Nequi,"la verdad... desde que empece a usar Nequi, todo mejoro...👍",5,2026-05-20,0,10,1
Nequi,es muy útil,5,2026-05-20,0,3,1
Nequi,buena,5,2026-05-20,0,1,1
Nequi,muy buena la aplicación la recomiendo😮‍💨,5,2026-05-20,0,6,1
Nequi,Excelente aplicación funciona a la perfección,5,2026-05-20,0,6,1
Nequi,exelente,5,2026-05-20,0,1,1
Nequi,"fácil de manejar, llega rápido la plata.",5,2026-05-20,0,7,1
Nequi,buenas,5,2026-05-20,0,1,1
Nequi,bacano,5,2026-05-20,0,1,1
Nequi,bueno,5,2026-05-20,0,1,1
Nequi,excelente servicio,5,2026-05-20,0,2,1
Nequi,muy buena aplicación,5,2026-05-20,0,3,1
Nequi,Genial,5,2026-05-20,0,1,1
Nequi,Puede fallar de vez en cuando pero en general es muy buena aplicación.,4,2026-05-20,0,13,1
Nequi,bna,5,2026-05-20,0,1,1
Nequi,es muy bueno,5,2026-05-20,0,3,1
Nequi,los mejores,5,2026-05-20,0,2,1
Nequi,excelente App,5,2026-05-20,0,2,1
Nequi,Excelente aplicación...,5,2026-05-20,0,2,1
Nequi,me encanta 😍,5,2026-05-20,0,3,1
Nequi,es lo mejor que han creado para todos y todo gracias nequi,5,2026-05-20,0,12,1
Nequi,excelente,5,2026-05-20,0,1,1
Nequi,una excelente aplicación,5,2026-05-20,0,3,1
Nequi,muy práctico gracias 🫂,5,2026-05-20,0,4,1
Nequi,no me deja crear el nequi es muy inestable esta aplicación,1,2026-05-20,0,11,0
Nequi,Excelentes,5,2026-05-20,0,1,1
Nequi,la mejor opción,5,2026-05-20,0,3,1
Nequi,excelente,5,2026-05-20,0,1,1
Nequi,super buena gracias a Dios,5,2026-05-20,0,5,1
Nequi,Vamos bien por ahora,4,2026-05-20,0,4,1
Nequi,Gracias por tus servicios,5,2026-05-20,0,4,1
Nequi,excelente aplicación muy buena y sencilla de manejar,5,2026-05-20,0,8,1
Nequi,no sirve me pide q ponga la hora en automático y ya está en automático no deja abrir mi cuenta es un fiasco,2,2026-05-20,0,23,0
Nequi,no me deja entran desde la actualización me saca no puedo hacer nada,1,2026-05-20,0,13,0
Nequi,muy bueno y práctico,4,2026-05-20,0,4,1
Nequi,genial,5,2026-05-20,0,1,1
Nequi,exelente gracias,5,2026-05-20,0,2,1
Nequi,Lo mejor de lo mejor 😉,5,2026-05-20,0,6,1
Nequi,practica,5,2026-05-20,0,1,1
Nequi,un banco exelente los felicito por su amabilidad,5,2026-05-20,0,8,1
Nequi,práctico y sencillo,5,2026-05-20,0,3,1
Nequi,me encanta,5,2026-05-20,0,2,1
Nequi,Exelente,4,2026-05-20,0,1,1
Nequi,bien,5,2026-05-20,0,1,1
Nequi,exelente,5,2026-05-20,0,1,1
Nequi,"Me gusta mucho la banca móvil de Nequi las transacciones son ágiles, el acceso al crédito es sin FGA en mi caso y la aplicación en general es súper rápida carga muy ligera y la seguridad es buena y la atención al cliente es buena aún que pueden mejorar aún más.",4,2026-05-20,0,51,1
Nequi,excelente app,5,2026-05-20,0,2,1
Nequi,es muy buena la aplicación para hacer los giros de plata,4,2026-05-20,0,11,1
Nequi,Excelente Excelente,5,2026-05-20,0,2,1
Nequi,buenas,5,2026-05-20,0,1,1
Nequi,buena app,5,2026-05-20,0,2,1
Nequi,súper porque logró hacer lo que quiero!!,5,2026-05-20,0,7,1
Nequi,por momentos deja de funcionar molesta mucho su sistema de funcinamiento,4,2026-05-20,0,11,1
Nequi,"me parece un pésimo servicio de soporte y para tramitar soluciones a los usuarios, intento comunicarme por medio llamada telefónica para dar solución a un problema con mi cuenta y me dejan esperando mucho tiempo la llamada después de la contestadora automática y luego se cuelga, si pudieran solucionar eso sería muy gratificante para los clientes que tienen sus cuentas con algún problema y no saben que hacer...",1,2026-05-20,0,68,0
Nequi,que porquería se cae a cada rato no es un mal servicio pero no hay servicio si se cae así de simple,1,2026-05-20,0,22,0
Nequi,rapido,5,2026-05-20,0,1,1
Nequi,exelente,5,2026-05-20,0,1,1
Nequi,Rápido,5,2026-05-20,0,1,1
Nequi,exelente,5,2026-05-20,0,1,1
Nequi,exelente,5,2026-05-20,0,1,1
Nequi,Super.,5,2026-05-20,0,1,1
Nequi,exelente,5,2026-05-20,0,1,1
Nequi,excelente,5,2026-05-20,0,1,1
Nequi,muy bueno nequi. Nececito un crédito de un millón?,5,2026-05-20,0,9,1
Nequi,exelente servicio siempre oportuno,5,2026-05-20,0,4,1
Nequi,muy bueno,5,2026-05-20,0,2,1
Nequi,excelente app,5,2026-05-20,0,2,1
Nequi,"exelente práctica, confiable y rápida",5,2026-05-20,0,5,1
Nequi,"terrible. bien porque es útil para algunas personas al mover dineros, pero vaya uno a revisar los movimientos, nada, muestra unos y otros no, no se puede calcular de donde viene o sale el dinero, ni donde quedó cada movimiento osea que si no compartimos inmediatamente el soporte del depósito, luego no hay cómo comprobar que se generó un pago. terrible por esa parte. Nequi lo peor, envié dinero por bre-b descontó de la app, pero nunca ha llegado al destino que envié el dinero. terriibleeeee.",1,2026-05-20,12,86,0
Nequi,bueno muy bien,4,2026-05-20,0,3,1
Nequi,excelente,5,2026-05-20,0,1,1
Nequi,muy bueno,4,2026-05-20,0,2,1
Nequi,excelente,5,2026-05-20,0,1,1
Nequi,muy bien,5,2026-05-19,0,2,1
Nequi,bien,5,2026-05-19,0,1,1
Nequi,Super,5,2026-05-19,0,1,1
Nequi,excelente,5,2026-05-19,0,1,1
Nequi,excelente,4,2026-05-19,0,1,1
Nequi,exelente app,5,2026-05-19,0,2,1
Nequi,buena y confiable,5,2026-05-19,0,3,1
Nequi,fabuloso,5,2026-05-19,0,1,1
Nequi,es muy bueno,5,2026-05-19,0,3,1
Nequi,bueno,5,2026-05-19,0,1,1
Nequi,muy buena app,5,2026-05-19,0,3,1
Nequi,fácil manejo,4,2026-05-19,0,2,1
Nequi,la app es bastante buena y confiable,4,2026-05-19,0,7,1
Nequi,Ha mejorado mucho 👍,5,2026-05-19,0,4,1
Nequi,excelente xq he descubierto cosas q no sabía q existían de ahora en adelante recargare la cuenta con mas frecuencia y más xq muy pronto inicire mi propio negocio,5,2026-05-19,0,29,1
Nequi,"Muy mala app, voy a registrarme y no puedo porque no me llega el código a mi correo que mal servicio",1,2026-05-19,0,21,0
Nequi,Hola buenas tardes mi esperiensa con nequi me encanta,5,2026-05-19,0,9,1
Nequi,excelente 👌,5,2026-05-19,0,2,1
Nequi,"últimamente no me deja entrar porque me pide que si donde recibo ,cuanto recibo en que lo gasto, por favor arreglen eso",4,2026-05-19,0,22,1
Nequi,No Puedo Entrar A Mi Nequi Me Pide Que Arregle La Hora Automática La Realizó Y Nada,5,2026-05-19,0,17,1
Nequi,exelente,5,2026-05-19,0,1,1
Nequi,excelente,5,2026-05-19,0,1,1
Nequi,es muy importante y util,5,2026-05-19,0,5,1
Nequi,bien,5,2026-05-19,0,1,1
Nequi,excelente,5,2026-05-19,0,1,1
Nequi,Excelente,5,2026-05-19,0,1,1
Nequi,Excelente,5,2026-05-19,0,1,1
Nequi,"mucho problema para activar y luego cambiar de correo y número de celular.,, falta mucha flexibilidad,, que la misma app ayude al cliente a iniciar,, como muchas app prácticas para configurar.",2,2026-05-19,0,31,0
Nequi,una porquería dura uno en una llamada hasta 25 minutos para nada no le solucionan a uno nada,1,2026-05-19,0,18,0
Nequi,aplicación no me dejó hacer un pago y quede como pendejo parado esperando hacer la transacción,1,2026-05-19,0,16,0
Nequi,super me encanta nequi fácil para todo,5,2026-05-19,0,7,1
Nequi,excelente,5,2026-05-19,0,1,1
Nequi,llevo 2 días tratando de ingresar a la aplicación y no me deja siempre me manda a actualizar la hora y no e podido utilizar la aplicación,4,2026-05-19,0,27,1
Nequi,excelente,5,2026-05-19,0,1,1
Nequi,La facilidad para manejarlo,5,2026-05-19,0,4,1
Nequi,"Lo mejor, eficiente",5,2026-05-19,0,3,1
Nequi,bueno,5,2026-05-19,0,1,1
Nequi,Exelente gracias,5,2026-05-19,0,2,1
Nequi,Excelente,5,2026-05-19,0,1,1
Nequi,"Es muy útil, y eficaz",5,2026-05-19,0,5,1
Nequi,Bueno mi dinero se mantiene sin perder nada,5,2026-05-19,0,8,1
Nequi,"me facilita todo, compras, pagos, giros, súper bien",5,2026-05-19,0,8,1
Nequi,exelente,5,2026-05-19,0,1,1
Nequi,excelente,5,2026-05-19,0,1,1
Nequi,ecxelente,5,2026-05-19,0,1,1
Nequi,ok,1,2026-05-19,0,1,0
Nequi,cool app,5,2026-05-19,0,2,1
Nequi,me sirve,5,2026-05-19,0,2,1
Nequi,falla aveces,4,2026-05-19,0,2,1
Nequi,"muy buena app, aveces se cae o se pone lenta pero en general funciona excelente",5,2026-05-19,0,15,1
Nequi,es exelente servicio,5,2026-05-19,0,3,1
Nequi,Excelente,5,2026-05-19,0,1,1
Nequi,buena,5,2026-05-19,0,1,1
Nequi,últimamente están bloqueando la aplicación sin tener razón alguna,2,2026-05-19,0,9,0
Nequi,"insiste en pedir configuración de fecha y hora cuando ya la tengo activa, no me permite ingresar 😔 decepcionado",1,2026-05-19,0,19,0
Nequi,yo cree mi cuenta de Nequi pero cuando alguien intenta mandarme dinero aparece que mi cuenta esta bloqueada nosé la verdad porque tiene que salir eso si yo cree mi cuenta sin problemas,5,2026-05-19,0,33,1
Nequi,una manera más rápida en tranferencia pagos y trámites de pagos excelente servicio 🥳,5,2026-05-19,0,14,1
Nequi,la app es buena pero creo que deberían mejorar lo del reconocimiento facial ya llevo 5 o 7 días sin poder usar la app no me acepta y blokean mi cuenta,5,2026-05-19,0,31,1
Nequi,puedo hacer todos mis pagos desde la app,5,2026-05-19,0,8,1
Nequi,me parece que es muy útil y fácil para hacer pagos y transferencias,5,2026-05-19,0,13,1
Nequi,mala,2,2026-05-19,0,1,0
Nequi,"Excelente, muy rápido!!!!",4,2026-05-19,0,3,1
Nequi,facil y rápido,5,2026-05-19,0,3,1
Nequi,excelente,5,2026-05-19,0,1,1
Nequi,vive caído,1,2026-05-19,0,2,0
Nequi,buena,5,2026-05-19,0,1,1
Nequi,excelente servicio,5,2026-05-19,0,2,1
Nequi,excelente,5,2026-05-19,0,1,1
Nequi,"muy bueno app, no tengo ninguna queja de ella",5,2026-05-19,0,9,1
Nequi,exelente,5,2026-05-19,0,1,1
Nequi,buena,5,2026-05-19,0,1,1
Nequi,un poco lento y muchas actualizaciones que no sirven para nada,4,2026-05-19,0,11,1
Nequi,buena,5,2026-05-19,0,1,1
Nequi,ok.,5,2026-05-19,0,1,1
Nequi,"muy bueno ,es fácil manejo la verdad muy bien",5,2026-05-19,0,9,1
Nequi,no sirve,1,2026-05-19,0,2,0
Nequi,es genial para mi dinero,5,2026-05-19,0,5,1
Nequi,Me encanta Nequi,5,2026-05-18,0,3,1
Nequi,tengo 12 años y tengo nequi,5,2026-05-18,0,6,1
Nequi,no pudo mi número hace tiempo más viejos y ahora me puse nequi y no pudo con cédula de identidad si entre bien y no pudo,5,2026-05-18,0,26,1
Nequi,bien,5,2026-05-18,0,1,1
Nequi,buena,5,2026-05-18,0,1,1
Nequi,bueno,5,2026-05-18,0,1,1
Nequi,exelente,5,2026-05-18,0,1,1
Nequi,excelente aplicación gracias,5,2026-05-18,0,3,1
Nequi,Quitaron la opción de pagar con NFC a datafono,1,2026-05-18,0,9,0
Nequi,Bien,5,2026-05-18,0,1,1
Nequi,es muy buena la app,5,2026-05-18,0,5,1
Nequi,es buenísimo,5,2026-05-18,0,2,1
Nequi,"Es excelente, soy adolescente y pude abrirlo muy fácil solo necesité el permiso de mi mamá y de mi papá y ya🤩",5,2026-05-18,0,22,1
Nequi,solo Bancolombia groserita cero nequi,1,2026-05-18,0,5,0
Nequi,Buen recurso para manejar el Dinero,4,2026-05-18,0,6,1
Nequi,muy bueno,5,2026-05-18,0,2,1
Nequi,Excelente aplicación buen servicio,5,2026-05-18,0,4,1
Nequi,no he podido completar para abrir Nequi Colombia no habré la aplicación,2,2026-05-18,0,12,0
Nequi,hace tres días no se puede ingresar a Nequi que pasa,5,2026-05-18,0,11,1
Nequi,muy bueno,4,2026-05-18,0,2,1
Nequi,se cae a cada roto btw,4,2026-05-18,0,6,1
Nequi,"Tengo un crédito preaprovado sin embargo no puedo hacer uso de él, no me hace el reconocimiento facial",5,2026-05-18,0,18,1
Nequi,Buena,5,2026-05-18,0,1,1
Nequi,bien,5,2026-05-18,0,1,1
Nequi,mucho,5,2026-05-18,0,1,1
Nequi,es muy genial,5,2026-05-18,0,3,1
Nequi,muy buena app,5,2026-05-18,0,3,1
Nequi,Me encanta,5,2026-05-18,0,2,1
Nequi,me parece muy excelente la aplicación,5,2026-05-18,0,6,1
Nequi,super,5,2026-05-18,0,1,1
Nequi,exelente,5,2026-05-18,0,1,1
Nequi,me parece muy buena,1,2026-05-18,0,4,0
Nequi,excelente,5,2026-05-18,0,1,1
Nequi,mala aplicación cuando entre no hay plata 😤😤,1,2026-05-18,0,8,0
Nequi,excelente,5,2026-05-18,0,1,1
Nequi,bueno,5,2026-05-18,0,1,1
Nequi,no deja cambiar de tarjeta de identidad a cédula,1,2026-05-18,0,9,0
Nequi,excelente App muy fácil y dinámico para hacer registrarse y muy buena y fácil para el uso diario,5,2026-05-18,0,18,1
Nequi,Solo les falta manejar rentabilidad en el ahorro,5,2026-05-18,0,8,1
Nequi,Exelente app,5,2026-05-18,0,2,1
Nequi,me encanta la aplicación,5,2026-05-18,0,4,1
Nequi,muy bueno,4,2026-05-18,0,2,1
Nequi,buen servicio,4,2026-05-18,0,2,1
Nequi,excelente,5,2026-05-18,0,1,1
Nequi,me parece tan inútil q tenga esperar casi dos minutos mientras carga el logo para q así me dé la opción de ingresar no le veo la gracia a eso en estos momentos solo perder el tiempo de verdad,1,2026-05-18,0,39,0
Nequi,bien,4,2026-05-18,0,1,1
Nequi,súper bien,5,2026-05-18,0,2,1
Nequi,Exelente,4,2026-05-18,0,1,1
Nequi,"Me parece una app muy útil, mejoró con las nuevas actualizaciones y nuevos servicios, me encanta.",5,2026-05-18,0,16,1
Nequi,exelente app de banco,5,2026-05-18,0,4,1
Nequi,Buena aplicación muy segura y confiable,5,2026-05-18,0,6,1
Nequi,exelente,5,2026-05-18,0,1,1
Nequi,excelente aplicación,5,2026-05-18,0,2,1
Nequi,lo mejor,5,2026-05-18,0,2,1
Nequi,Super 😁,5,2026-05-18,0,2,1
Nequi,exelente,5,2026-05-18,0,1,1
Nequi,muy práctico y útil.,5,2026-05-18,0,4,1
Nequi,el que iso la app no quiere a los extranjeros por que intente con 2 familiares y aún me dice que está mal intenté con número de aki de colombia y si lo iso rápido me parece muy mal si son extranjeros no la usen y si tienen repeto por favor asta hablé con la del número y no eso,1,2026-05-18,0,60,0
Nequi,no pues entro y nunca ahi plata,1,2026-05-18,0,7,0
Nequi,Excelente,5,2026-05-18,0,1,1
Nequi,execelente,5,2026-05-18,0,1,1
Nequi,muy bueno,5,2026-05-18,0,2,1
Nequi,besos,5,2026-05-18,0,1,1
Nequi,Eselente,5,2026-05-18,0,1,1
Nequi,si no fuera por que es la app mas usada no la recomendaría es mas efectiva daviplata se cae a cada rato también la quiero tener como cuenta de ahorros y es la hora y no lo he podido hacer terrible y mi plata la necesito ahora me toca endeudarme para pagar mis compromisos hasta que se les de la gana de habilitarme los topes no la recomiendo y la respuesta es tranqui revisemos y no hacen nada para que funcione NO RECOMENDADA!!!!!!,1,2026-05-18,1,83,0
Nequi,excelente 👌 muy serios y responsables me. reencanta está aplicacion gracias,5,2026-05-18,0,11,1
Nequi,muy mala app siempre que entro no hay plata 😭😭,1,2026-05-18,0,10,0
Nequi,lo mejor de lo mejor es tener nequi ala mano,5,2026-05-18,0,10,1
Nequi,"Ni me dejó crear una cuenta, dice que mis datos no coinciden cuando están bien, hablé con el equipo de soporte y me dijeron que en 15 días me solucionarían el problema y me enviarían un correo, me llegó el correo diciendo que ya habían arreglado el problema y no habían arreglado nada",1,2026-05-18,0,53,0
Nequi,muchas gracias,5,2026-05-18,0,2,1
Nequi,excelente,5,2026-05-18,0,1,1
Nequi,muy bien,5,2026-05-18,0,2,1
Nequi,La mejor aplicación del mundo,5,2026-05-18,0,5,1
Nequi,Excelente,5,2026-05-18,0,1,1
Nequi,fácil de usar y muy práctico,5,2026-05-17,0,6,1
Nequi,excelente 👌🏻,5,2026-05-17,0,2,1
Nequi,la mejor,5,2026-05-17,0,2,1
Nequi,Los amouu gracias por habilitarme la opción de recibir dinero del extranjero me queje de eso el año pasado y no puedo creer que si me tomaron en cuenta 🫶🏾,5,2026-05-17,0,30,1
Nequi,es muy buena esta app me encanta mucho 😊,5,2026-05-17,0,9,1
Nequi,es lo mejor de lo mejor con nequi ahí un cambio mejor,5,2026-05-17,0,12,1
Nequi,malo para ver quien consigna,1,2026-05-17,0,5,0
Nequi,excelente,5,2026-05-17,0,1,1
Nequi,exce,5,2026-05-17,0,1,1
Nequi,lo mejor,5,2026-05-17,0,2,1
Nequi,no contesta.ni dan ninguna respuesta!,4,2026-05-17,0,5,1
Nequi,buenisimaaaaaaaaaa🙂🙂🙂🙂🙂🙂🙂🥰🥰🥰🥰🥰🥰🥰🥰🥰😁😁😁😁😁😁😁😁😁😁😁😁😁,4,2026-05-17,0,1,1
Nequi,muy bueno,5,2026-05-17,0,2,1
Nequi,me parece una gran banco y excelente aplicación,5,2026-05-17,0,8,1
Nequi,muy buena app la verdad,4,2026-05-17,0,5,1
Nequi,Muy buena aplicasien,5,2026-05-17,0,3,1
Nequi,muy buenq,5,2026-05-17,0,2,1
Nequi,Muy buena,5,2026-05-17,0,2,1
Nequi,es muy eficiente sirve para Enviar dinero mantener ahorros facilidad de pagos es lo mejor,5,2026-05-17,0,15,1
Nequi,exelente..,4,2026-05-17,0,1,1
Nequi,la verdad esque tiene que mejorar la parte que cuando se te olvida la contraseña con otras cosas y también facilitar a los clientes cuando lo descargue se le facilite,1,2026-05-17,0,30,0
Nequi,es la mejor app bancaria que he podido experimentar,5,2026-05-17,0,9,1
Nequi,muy eficiente,4,2026-05-17,0,2,1
Nequi,no me reconoce me pueden ayudar o los voy a denunciar,1,2026-05-17,0,11,0
Nequi,excelente,5,2026-05-17,0,1,1
Nequi,excelente,5,2026-05-17,0,1,1
Nequi,Excelente,5,2026-05-17,0,1,1
Nequi,"muchas gracias por ayudarme a completar para comprar mi moto, agradezco mucho que creyeran en mi 🤞, ya casi terminare de pagar 😁",5,2026-05-17,0,23,1
Nequi,ecxelente n tengo dudas y es muy fácil de usar,5,2026-05-17,0,10,1
Nequi,muy buena y útil la recomiendo de verdad me gusta mucho sigan así y mejorando mucho más,5,2026-05-17,0,17,1
Nequi,bueno,5,2026-05-17,0,1,1
Nequi,genial,5,2026-05-17,0,1,1
Nequi,buena,1,2026-05-17,0,1,0
Nequi,bien,5,2026-05-17,0,1,1
Nequi,excelente,5,2026-05-17,0,1,1
Nequi,No me funciona ..no me quiere instalar,2,2026-05-17,0,7,0
Nequi,Exelente aplicación muy buen servicio.,5,2026-05-17,0,5,1
Nequi,"solo una estrella porque no me deja crearlo , me sale que los datos no coinciden, y ya todos los datos se encuentran correctos , y necesito que me arreglen eso porque necesito de nequi",1,2026-05-17,0,35,0
Nequi,"Llevo un año intentando abrir mi nequi y no me deje nunc, siempre me dice que erro y aparece como si mi número ya tuviera una cuenta y no es así lo e intentado varias veces y nunca me dija crearlo siempre la aplicación empieza a fallar.",1,2026-05-17,0,47,0
Nequi,NEKI ES UNA PLATAFORMA MUY IMPORTANTE PARA NOSOTROS LAS PERSONAS LE DOY 4 ESTRELLAS POR QUÉ A VECES SE CAE PERO PERSONALMENTE ME GUSTA YA ES GUSTO DÉ CADA USUARIO UTILIZAR PERO PARA MÍ ES EXCELENTE APP GRACIAS,4,2026-05-17,0,38,1
Nequi,excelente,5,2026-05-17,0,1,1
Nequi,ah veces anda más caído que la monda del papa,5,2026-05-17,0,10,1
Nequi,exelente unoas de la mejor experiencia,5,2026-05-17,0,6,1
Nequi,excelente,5,2026-05-17,0,1,1
Nequi,muy Buena,5,2026-05-17,0,2,1
Nequi,excepcional,5,2026-05-17,0,1,1
Nequi,me parece muy fácil de transportar y hacer transferencia solo q deberían mejorar q no se caiga tanto,5,2026-05-17,0,18,1
Nequi,super confiable,5,2026-05-17,0,2,1
Nequi,bueno,5,2026-05-17,0,1,1
Nequi,no funciona acordé ala descripcion,1,2026-05-17,0,5,0
Nequi,que bueno,5,2026-05-17,0,2,1
Nequi,excelente,5,2026-05-17,0,1,1
Nequi,excelente gracias,5,2026-05-17,0,2,1
Nequi,"No me deja crear crea una cuenta nueva, ya que la que habia creado hace años ese correo lo perdi y ahora no me deja ni ingresar ni hacer nada.",1,2026-05-17,0,30,0
Nequi,les uso a diario para mi muy útiles,5,2026-05-17,0,8,1
Nequi,no tengo experiencia,5,2026-05-17,0,3,1
Nequi,Ya no está la opción de pagar con datáfono desde el celular,1,2026-05-17,0,12,0
Nequi,"muy mal servicio lento por qué ,no hay más invito ala gente a desinstalar es aplicación,",1,2026-05-17,0,16,0
Nequi,excelente,5,2026-05-17,0,1,1
Nequi,💯,5,2026-05-17,0,1,1
Nequi,"muy mala app, cada vez que entro no hay plata🥲",1,2026-05-17,0,10,0
Nequi,me parece súper genial fácil y rápida de usar,5,2026-05-17,0,9,1
Nequi,magnífico,5,2026-05-17,0,1,1
Nequi,es de lo peor,1,2026-05-17,0,4,0
Nequi,no me deja abrirlo,1,2026-05-17,0,4,0
Nequi,Me gustaría más si me dejaran hacer préstamos,5,2026-05-17,0,8,1
Nequi,Excelente aplicación. facilita una vida de tranquilidad,5,2026-05-17,0,7,1
Nequi,buena aplicación,5,2026-05-17,0,2,1
Nequi,"muy bien , por el momento",5,2026-05-17,0,6,1
Nequi,muy bueno,5,2026-05-17,0,2,1
Nequi,exelente,5,2026-05-17,0,1,1
Nequi,lo mejor,5,2026-05-17,0,2,1
Nequi,muy mala aplicación cada que la habro no hay plata 😔,5,2026-05-17,0,11,1
Nequi,Maria lsabel,5,2026-05-17,0,2,1
Nequi,perdí mi teléfono por el cual no tengo activa mi cuenta ya que el número y el correo con que cree nequi no los utilizo que solución hay para recuperar mi nequi ?,4,2026-05-17,0,33,1
Nequi,muy bueno,5,2026-05-17,0,2,1
Nequi,exelente,5,2026-05-17,0,1,1
Nequi,excelente aplicación tienes todas las soluciones en un sólo sitio y su negocio en las manos MUY buena,5,2026-05-17,0,18,1
Nequi,"muy eficaz y funcional,me gusta.",5,2026-05-17,0,5,1
Nequi,Me parece una falta de respeto que nequi me este preguntando muchos datos me parece de muy mal gusto y una falta de respeto que nadie me esté preguntando muchos datos,1,2026-05-17,0,31,0
Nequi,pues la aplicación de nequi es muy buena apesar que ase poco la instale pero tengo un problema me llegó un anuncio que dan crédito y yo me puse a aserlo y le dijeron que tenía uno aprobado de dos millones quinientos pero tocaba tener 58 mil pesos en nequi y lo ise y ya no los tengo osea talvez Melo quitaron que 😢 tristeza que ya no los tengo gracias,5,2026-05-17,0,71,1
Nequi,es muy bueno,5,2026-05-17,0,3,1
Nequi,exelente,5,2026-05-17,0,1,1
Nequi,es muy rápido en transacciones y muy útil,5,2026-05-17,0,8,1
Nequi,Exelente,5,2026-05-17,0,1,1
Nequi,"Excelente, práctico y eficiente",5,2026-05-17,0,4,1
Nequi,mucho,5,2026-05-17,0,1,1
Nequi,no puedo actualisar nequi,2,2026-05-17,0,4,0
Nequi,la mejor app,5,2026-05-17,0,3,1
Nequi,"es buena aplicacion,lo unico que veo es una falla al asociar esta aplicación con otras que contienen publicidad porque k bloquean(eje:cash drama)",5,2026-05-16,0,22,1
Nequi,excelente servicio financiero,5,2026-05-16,0,3,1
Nequi,es una app que te facilita mucho la vida,5,2026-05-16,0,9,1
Nequi,pro Mela insana,5,2026-05-16,0,3,1
Nequi,exelente,5,2026-05-16,0,1,1
Nequi,execelente aplicación,5,2026-05-16,0,2,1
Nequi,Excelente,5,2026-05-16,0,1,1
Nequi,amo Nequi me cambio la vida,5,2026-05-16,0,6,1
Nequi,buena,4,2026-05-16,0,1,1
Nequi,"hola, he tenido problemas para crear mi cuenta los últimos 5 meses ya llamé a línea y no hay solución. Tengo un compañero y le pasa igual, hablamos con la operadora y nos dicen que es porque se sacó la cédula el año pasado pero 5 meses ya es mucho tiempo de espera y la verdad se necesita mucho esta aplicación y no me quiero arriesgar con otra me encantaría que lo solucionaran .",2,2026-05-16,0,74,0
Nequi,excelente,5,2026-05-16,0,1,1
Nequi,magnifico,5,2026-05-16,0,1,1
Nequi,no meavre neki,5,2026-05-16,0,3,1
Nequi,es muy buena exelente elección,5,2026-05-16,0,5,1
Nequi,super bueno,5,2026-05-16,0,2,1
Nequi,es muy bueno,5,2026-05-16,0,3,1
Nequi,el servicio al cliente es una demora de más de una hora esperando a que le contesté una persona para resolver algo sencillo que no puede uno solucionar por medio de las otras plataformas de comunicarlos 😮‍💨,1,2026-05-16,0,37,0
Nequi,muy buena app de apoyo económico,5,2026-05-16,0,6,1
Nequi,muy con fiable,5,2026-05-16,0,3,1
Nequi,muy bueno,5,2026-05-16,0,2,1
Nequi,super comodo y practico,5,2026-05-16,0,4,1
Nequi,muy bueno me parece excelente me gusta la aplicación es perfecta para enviar y recibir plata es muy confiable ya la e probado en otros celulares y funciona perfectamente me encanta la confianza que brinda la aplicación es rápida y eficaz para todos los usuarios de la aplicación puedes retirar tu plata sin complicaciones y recibir transacciones al igual felicitó a nequi y a quienes la crearon me encanta mucho excelente la idea de hacer giros o recargas por esta aplicación navega rápido gracias.,5,2026-05-16,0,84,1
Nequi,muy buena,5,2026-05-16,0,2,1
Nequi,muy bueno,5,2026-05-16,0,2,1
Nequi,Super bien,5,2026-05-16,0,2,1
Nequi,es excelente,5,2026-05-16,0,2,1
Nequi,super,5,2026-05-16,0,1,1
Nequi,exelente,5,2026-05-16,0,1,1
Nequi,muy buen medio de pago :),5,2026-05-16,0,6,1
Nequi,muy buena,5,2026-05-16,0,2,1
Nequi,pero es que hace rato estoy tratando de Ingresar a mi cuenta y ustedes me están poniendo otras para dejarme Ingresar a ella,1,2026-05-16,0,23,0
Nequi,es una app me banco demasiado buena la recomiendo muchísimo ya que a partir de los 13-14 años en adelante ya puedes tener tu cuenta de banco ahorrar y etc,5,2026-05-16,0,30,1
Nequi,Muy bien,5,2026-05-16,0,2,1
Nequi,muy bueno y fácil,5,2026-05-16,0,4,1
Nequi,"antes me parecía buena aplicación llevo usándola desde hace 6 años , ahorita me parece feo la parte de los créditos siempre ponen debes usar más tu nequi y es la app principal que más uso por qué me gusta pero lo que no me está gustando es la parte de los créditos chebre dieran más oportunidades nose arreglarán eso por qué aveces uno necesita urgente y no deja ojalá mejorarán eso",1,2026-05-16,0,72,0
Nequi,exelente,5,2026-05-16,0,1,1
Nequi,apenas lo estoy ensayando y ba bien,2,2026-05-16,0,7,0
Nequi,exelente,5,2026-05-16,0,1,1
Nequi,un servicio oportuno,5,2026-05-16,0,3,1
Nequi,buena,5,2026-05-16,0,1,1
Nequi,es eficiente y segura,5,2026-05-16,0,4,1
Nequi,"pésimo servicio , no me dan solución en llamada disque para solucionar bloqueo de la cuenta y adicional me pone a esperar 30 minutos al teléfono",2,2026-05-16,0,26,0
Nequi,es muy buena la app,5,2026-05-16,0,5,1
Nequi,horrible. De lo que llevo con esta aplicación no habia teniado inconvenientes pero definitivamente quitaré esta aplicación tan mala. se me robaron $ 235.000. y nunca me dieron respuesta. es una grosería. me voy por daviplata qué al menos tiene respaldo con davivienda...,1,2026-05-16,0,43,0
Nequi,"estoy muy inconforme con esta app, cuando trato de abrir un nequi con tarjeta de identidad en la parte donde tengo que validar mi identidad me pide una foto mia y se la doy pero dice ""no pudimos reconocerte"" osea como esperan que con 17 años me parezca a mi yo de 9?",1,2026-05-16,0,53,0
Nequi,no puedo recargar en fer firel,5,2026-05-16,0,6,1
Nequi,hiii esuy buena,5,2026-05-16,0,3,1
Nequi,super me encanta y sobre todo bueno,5,2026-05-16,0,7,1
Nequi,"Malísima, metí plata en el colchón hace 2 meses y ahora no puedo retirarla, escribí al chat (único medio habilitado por Nequi para comunicarse) y siempre me indican lo mismo y al final me piden entrar a la aplicación y el chat se desconecta.",1,2026-05-16,0,44,0
Nequi,excelente,5,2026-05-16,0,1,1
Nequi,excelente,5,2026-05-16,0,1,1
Nequi,Tiene un error. Cuando voy a ingresar me salta una notificación que dice que configure la hora automática del sistema y aunque está activada sigue apareciendo y no me deja entrar.,1,2026-05-16,1,31,0
Nequi,"Es una pésima app, ahora pide configuración de hora automática, uno sigue los pasos e indicaciones y no deja pasar de alli, vuelves al inicio y no permite avanzar.",1,2026-05-16,0,29,0
Nequi,exelente,5,2026-05-16,0,1,1
Nequi,la aplicación está caída?,1,2026-05-16,0,4,0
Nequi,"puse todos mis datos bien y no me deja crear mi cuenta, dice que hay datos que no coinciden pero obviamente yo puse todo bien y aún así no me dejó",2,2026-05-16,0,31,0
Nequi,EXELENTE,5,2026-05-16,0,1,1
Nequi,me gusta esta app sirve para mucha ayuda..puedo hacer mi transferencia desde mi casa sin hacer cola en los sucursales puedo recibir mi dinero sin tener que ir a buscarlo excelente app se lo recomiendo a muchos usuarios cinco estrellas le proporcionó,5,2026-05-16,0,42,1
Nequi,superior buena,5,2026-05-16,0,2,1
Nequi,Es muy buena!! Gracias,5,2026-05-16,0,4,1
Nequi,excelente oportunidad para enviarle,5,2026-05-16,0,4,1
Nequi,es buena aplicación,5,2026-05-16,0,3,1
Nequi,muy buena aplicación para pagos,5,2026-05-16,0,5,1
Nequi,muchas gracias,5,2026-05-16,0,2,1
Nequi,buena app,5,2026-05-16,0,2,1
Nequi,me gusta la aplicación,5,2026-05-16,0,4,1
Nequi,"lo facil,rapido y seguro",5,2026-05-16,0,4,1
Nequi,"Solo errores no puedo conectar mi paypal con nequi, antes servía bien ahora de la nada no sirve y en el chat de ""ayuda""no solucionan nunca nada así fue cuando pedí pasarme a cuenta de ahorros y solo se pierde el tiempo porque no dan ninguna solución, escalan con soporte y ellos no hace nada, mandan correos diciendo que supuestamente ya solucionaron y no solucionan nada... Sus canales de supuesta ""atención"" no sirven para nada ya estoy buscando un app que si sirva bien y no pierda mi tiempo y $",1,2026-05-16,0,91,0
Nequi,super,4,2026-05-16,0,1,1
Nequi,excelente,5,2026-05-16,0,1,1
Nequi,excelente aplicación ágil y fácil para pagos,5,2026-05-16,0,7,1
Nequi,Mejoro excelente es una gran aplicación lo malo esque nunca me da un préstamo tengo más 3 años de tenerla,5,2026-05-16,0,20,1
Nequi,genial..!,5,2026-05-16,0,1,1
Nequi,no me quiere a sepatar la información que hago,5,2026-05-16,0,9,1
Nequi,el colchón está molestando el botón desproteger y no se deja desproteger y no me deja sacar la plata ok,1,2026-05-16,0,20,0
Nequi,voy a valorar este aplicación,5,2026-05-16,0,5,1
Nequi,muy bueno,5,2026-05-16,0,2,1
Nequi,"He tratado de ingresar a la aplicación,me solicita actualizar hora y fecha. He realizado muchas veces está acción Pero sigue igual. He desinstalado y vuelto a instalar la aplicación Pero sigue igual. La verdad es muy desesperante saber que no dan solución.",1,2026-05-16,0,42,0
Nequi,"pésima, llevo 1 hora intentado que me lea el documento de identidad, y a pesar de que las fotos salen completamente nítidas me sigue pidiendo que vuelva a tomar las fotos. no sé si sea un error, pero si lo es deben arreglarlo porque es imposible que de todas las fotos nítidas que saque en una hora, ninguna sirva.",1,2026-05-16,0,59,0
Nequi,siempre a la mano 🤚,5,2026-05-16,0,5,1
Nequi,increíble plataforma facilita muchas cosas,5,2026-05-16,0,5,1
Nequi,excelente,4,2026-05-16,0,1,1
Nequi,no me dejó crear una cuenta con mi número diciendo que aparecía otra cuenta con mi número recién comprado,1,2026-05-16,0,19,0
Nequi,excelente,5,2026-05-16,0,1,1
Nequi,excelente,5,2026-05-16,0,1,1
Nequi,👍,5,2026-05-16,0,1,1
Nequi,Muy buena y muy rápido,5,2026-05-16,0,5,1
Nequi,demaciado bueno,5,2026-05-16,0,2,1
Nequi,"no da para crearme una cuenta aún que la información esté correcta, la foto bien tomada y la información sea vea bien. me parece que depronto sea mi celular",1,2026-05-16,0,29,0
Nequi,muy practicoo,5,2026-05-16,0,2,1
Nequi,excelente,5,2026-05-15,0,1,1
Nequi,de verdad me paréce muy mala,1,2026-05-15,0,6,0
Nequi,Nequi es la mejor app que que tenido hasta el momento. Sus servicios son geniales. Y soporte siempre responde rápido. Gracias,5,2026-05-15,0,21,1
Nequi,"Gracias Nequi, son geniales.",5,2026-05-15,0,4,1
Nequi,muy buena la aplicación 👌👌 100 de 10 😁😁,5,2026-05-15,0,9,1
Nequi,me gusta,5,2026-05-15,0,2,1
Nequi,exelente,5,2026-05-15,0,1,1
Nequi,exelente super,5,2026-05-15,0,2,1
Nequi,exelente por los créditos de financiamiento. gracias,5,2026-05-15,0,7,1
Nequi,caido,2,2026-05-15,0,1,0
Nequi,bien,5,2026-05-15,0,1,1
Nequi,excelente aplicación muy útil,5,2026-05-15,0,4,1
Nequi,"recientemente después de que mi sobrina me enviara dinero por nequi,pensaba abrir la aplicación pero está demorado,hasta media hora me toca esperar para que abra e inicie sesión. espero que solucione eso cuánto antes porque mi plata es lo primero",2,2026-05-15,0,40,0
Nequi,practico,5,2026-05-15,0,1,1
Nequi,Mala por q no me deja poner mis datos para crearlo,1,2026-05-15,0,11,0
Nequi,"mi tarjeta se bloqueó y no está la notificación de desbloqueo, los canales de ayuda no sirven para contactar con algo que no sea una IA, no tengo forma de desbloquear la",1,2026-05-15,0,32,0
Nequi,"Excelente aplicación, es de mucha utilidad.",5,2026-05-15,0,6,1
Nequi,genial,5,2026-05-15,0,1,1
Nequi,buenas app,5,2026-05-15,0,2,1
Nequi,ha mejorado en la entrega,5,2026-05-15,0,5,1
Nequi,buena app,5,2026-05-15,0,2,1
Nequi,últimamente nequi me pide ir ajustes a cada rato ý no puedo entrar,1,2026-05-15,0,13,0
Nequi,eselente,5,2026-05-15,0,1,1
Nequi,Muy fácil para todo..,5,2026-05-15,0,4,1
Nequi,no deberían ser públicas.,4,2026-05-15,0,4,1
Nequi,no me llega el código del nequi al correo,1,2026-05-15,0,9,0
Nequi,super bien,5,2026-05-15,0,2,1
Nequi,todo bien ☺️,4,2026-05-15,0,3,1
Nequi,Es muy ecfetiva,5,2026-05-15,0,3,1
Nequi,muy buena,5,2026-05-15,0,2,1
Nequi,exelente,5,2026-05-15,0,1,1
Nequi,Excelente,5,2026-05-15,0,1,1
Nequi,mi neki no abre toda la aplicación que debo de ha,5,2026-05-15,0,11,1
Nequi,bueno,5,2026-05-15,0,1,1
Nequi,exelente aplicacion,5,2026-05-15,0,2,1
Nequi,me facina,5,2026-05-15,0,2,1
Nequi,"es la forma más práctica de enviar y recibir dinero, en comparación de las otras aplicaciones de bancos es fácil, rápida y efectiva. Lo único es cuando la plataforma o aplicación de nequi se cae",5,2026-05-15,0,35,1
Nequi,facil de usar,5,2026-05-15,0,3,1
Nequi,Excelente,5,2026-05-15,0,1,1
Nequi,excelente,5,2026-05-15,0,1,1
Nequi,es muy bueno,5,2026-05-15,0,3,1
Nequi,buenas,5,2026-05-15,0,1,1
Nequi,Esta muy bien la aplicación. Pero sugiero que también implementen el metodo de poder enviar dinero a otros paises desde mi cuenta de Nequi. Como por ejemplo se pueda transferir dinero a BBVA en México u otros bancos. Gracias,5,2026-05-15,0,39,1
Nequi,muy bien,5,2026-05-15,0,2,1
Nequi,Es una app muy buena para no tener. Cargar siempre con plata,5,2026-05-15,0,12,1
Nequi,muy buena aplicación diez de diez,5,2026-05-15,0,6,1
Nequi,excelente solo que no prestan plata,5,2026-05-15,0,6,1
Nequi,es buena,5,2026-05-15,0,2,1
Nequi,No me deja entrar sale error de conexión y no puedo entrar. ya he desintalado e instalado y nada,1,2026-05-15,1,19,0
Nequi,bien,5,2026-05-15,0,1,1
Nequi,extraordinario,5,2026-05-15,0,1,1
Nequi,excelente servicio afrece,5,2026-05-15,0,3,1
Nequi,terrible experiencia no podia abrir mi nequi y la asesora la solucion fue cerrarlo permanentemente le pedi que no lo hiciera y no le importo ahora me tienen pidiendo extractos de esa cuenta para poder cotejar los pagos de esos dias aparte me cobraron para enviarme el dinero a la nueva cuenta pesiml servicio,1,2026-05-15,1,54,0
Nequi,no me deja iniciar sesión en esta app como si ya tuviera una cuenta,1,2026-05-15,1,14,0
Nequi,no puedo ingresar a mi cuenta e pasado penas que voy a pagar y no me deja i gresar,1,2026-05-15,1,19,0
Nequi,lo mejor de lo mejor,5,2026-05-15,0,5,1
Nequi,Hola Tengo un problema con un bendito juego con NEKI Nervión 8 bal kin enpesse desde 0 está 4.000.000 y ya voy por casi 11 .ooo.ooo toda vía no epodido Retirar nada siempre ay 5 en cola y me pide que siga jugando estoy por 99.99 y nunca me dejan llegar asta 10 para cobrar Rápido ni nada que tengo que ASER para Retirar mi dinero,5,2026-05-15,0,66,1
Nequi,"nooo que va no me mandan el código final para que me acepten mi cuenta de Nequi y ni me llega al correo y lo escribí bien y no me llega,muy maluco que se demoren mucho y cuando lo intento me bloquean por 24 horas mejor mejoren eso o si no no lo recomendaré para nada",1,2026-05-15,0,56,0
Nequi,súper bien 👍,5,2026-05-15,0,3,1
Nequi,muy bueno y práctico para trabajar.gracias,5,2026-05-15,0,6,1
Nequi,ls mejor billetera,5,2026-05-15,0,3,1
Nequi,muy práctico,5,2026-05-15,0,2,1
Nequi,Me parece super!,5,2026-05-15,0,3,1
Nequi,buenísimo,5,2026-05-15,0,1,1
Nequi,excelente muy buena,5,2026-05-15,0,3,1
Nequi,excelente pero falta comunicación,5,2026-05-15,0,4,1
Nequi,buena rápida eficas,5,2026-05-15,0,3,1
Nequi,exelente,5,2026-05-15,0,1,1
Nequi,una chimba,5,2026-05-15,0,2,1
Nequi,excelente app muy útil,5,2026-05-15,0,4,1
Nequi,Eficiencia,5,2026-05-15,0,1,1
Nequi,no sé mi clave y toca con reconocimiento facial y tampoco sirve,1,2026-05-15,0,12,0
Nequi,está aplicación es buena,5,2026-05-14,0,4,1
Nequi,Excelente gracias,5,2026-05-14,0,2,1
Nequi,exelente,5,2026-05-14,0,1,1
Nequi,bueno,5,2026-05-14,0,1,1
Nequi,la Mejor De Todas,5,2026-05-14,0,4,1
Nequi,Excelente,4,2026-05-14,0,1,1
Nequi,exelente app,5,2026-05-14,0,2,1
Nequi,bien,5,2026-05-14,0,1,1
Nequi,buenísimo,5,2026-05-14,0,1,1
Nequi,gracias por meterme,5,2026-05-14,0,3,1
Nequi,a veces se cae mucho,4,2026-05-14,0,5,1
Nequi,sastifecho,5,2026-05-14,0,1,1
Nequi,muy eficiente muy útil,5,2026-05-14,0,4,1
Nequi,estoy descargando un monto de un juego y no es posible que puedo hacer para que ese dinero me llegue a mi cuenta de nequi,1,2026-05-14,0,25,0
Nequi,wuau,5,2026-05-14,0,1,1
Nequi,muy bueno,5,2026-05-14,0,2,1
Nequi,Si se vuelve a caer me cambio a daviplata,5,2026-05-14,0,9,1
Nequi,chimba,5,2026-05-14,0,1,1
Nequi,bien,5,2026-05-14,0,1,1
Nequi,👌 excelente,5,2026-05-14,0,2,1
Nequi,era muy buena aplicación pero últimamente se ha vuelto demasiado lenta y no permite que uno ingrese definitivamente no funciona tengo que desinstalar la instalarla y no me deja entrar,1,2026-05-14,1,30,0
Nequi,excelente aplicación,5,2026-05-14,0,2,1
Nequi,Buena,5,2026-05-14,0,1,1
Nequi,Es una chimba!!!,5,2026-05-14,0,3,1
Nequi,👌,5,2026-05-14,0,1,1
Nequi,está robando plata,1,2026-05-14,0,3,0
Nequi,"lo peor,yo siendo menor de edad con la autorizacion de mis padres intente crear mi cuenta y cuando disque verificar identidad con la cara y disque no le reconocen la cara a uno y tengo la cara igual ni modo que me la haya cambiado 😡",1,2026-05-14,0,46,0
Nequi,Bancolombia y Nequi son los mejores,5,2026-05-14,0,6,1
Nequi,me gustaría que le pusieran la opción de recibir dinero del exterior con el ppt,5,2026-05-14,0,15,1
Nequi,ganamos tiempo en las transacciones,5,2026-05-14,0,5,1
Nequi,UN VERDADERO ASCO! LOS BRUTOS CUANDO USURPAN UN MONOPOLY,1,2026-05-14,0,9,0
Nequi,la mejor app para resolver los pagos de cualquier servicio,5,2026-05-14,0,10,1
Nequi,"No Me deja terminar de confirmar, eso no Me gusta. Escaneo la CC y no me deja",1,2026-05-14,0,17,0
Nequi,exelente,5,2026-05-14,0,1,1
Nequi,lo más opcional presta un grande servicio,5,2026-05-14,0,7,1
Nequi,💩.,1,2026-05-14,0,1,0
Nequi,exelente servisio,5,2026-05-14,0,2,1
Nequi,Super vacano esta App de Nequi,5,2026-05-14,0,6,1
Nequi,muy buen servicio 🙂,5,2026-05-14,0,4,1
Nequi,para reportar un incidente la aplicación bota demaciado errores y no deja enviar el reporte,1,2026-05-14,0,15,0
Nequi,EXELENTE,5,2026-05-14,0,1,1
Nequi,buena excelente,5,2026-05-14,0,2,1
Nequi,lomejor,5,2026-05-14,0,1,1
Nequi,🥰muy buena app,5,2026-05-14,0,3,1
Nequi,excelente aplicación,5,2026-05-14,0,2,1
Nequi,excelente,5,2026-05-14,0,1,1
Nequi,me encanta,5,2026-05-14,0,2,1
Nequi,👍😊👍,5,2026-05-14,0,1,1
Nequi,"tengo problemas con la app, ya hace más de dos semanas que no puedo entrar ya que me pide ajustar la hora y fecha y cuando lo hago no cambia nada porque me sigue apareciendo lo mismo y no me permite el ingreso, por favor solucionar eso porque la verdad tengo dinero en la cuenta y no me permite entrar para retirar",1,2026-05-14,0,62,0
Nequi,Expectacular,5,2026-05-14,0,1,1
Nequi,buenísimo,5,2026-05-14,0,1,1
Nequi,excelente aplicación,5,2026-05-14,0,2,1
Nequi,excelente empresa,5,2026-05-14,0,2,1
Nequi,bueno,5,2026-05-14,0,1,1
Nequi,excelente aplicación,5,2026-05-14,0,2,1
Nequi,es la peor aplicación q e probado para tu plata por q pedir el registro civil es demasiado y además q no lo tenga y q tenga q ir asta dicho lugar por solo un papel y por una aplicación no la recomiendo para meter la plata,1,2026-05-14,0,47,0
Nequi,lo mejor,5,2026-05-14,0,2,1
Nequi,super,5,2026-05-14,0,1,1
Nequi,"pésima, llevo 1 hora intentado que me lea el documento de identidad, y a pesar de que las fotos salen completamente nítidas me sigue pidiendo que vuelva a tomar las fotos. no sé si sea un error, pero si lo es deben arreglarlo porque es imposible que de todas las fotos nítidas que saque en una hora, ninguna sirva. edit: ya se solucionó el problema de nequi, gracias por la ayuda.",1,2026-05-14,3,71,0
Nequi,👍🏻👍🏻👍🏻,5,2026-05-14,0,1,1
Nequi,súper bien,5,2026-05-14,0,2,1
Nequi,bueno,5,2026-05-14,0,1,1
Nequi,"fui cliente desde el inicio ,a todos les recomendé usar nequi ,les enseñe a mis padres que no saben nada de tecnología a usar la app y un día necesite un crédito (cabe resaltar que tengo muy buen historial crediticio) y me lo negaron me voy para ""NÙ"" QUE ESTUBO CUANDO LOS NECESITE. gracias por nada nequi 😘",1,2026-05-14,0,58,0
Nequi,excelente servicio,1,2026-05-14,0,2,0
Nequi,todo bien por ahora.,5,2026-05-14,0,4,1
Nequi,tiene muchos fallos con respecto al reconocimiento facial y otro tipo de seguridad re mala está la app,2,2026-05-13,0,18,0
Nequi,HASTA RL M0MENTO EXCELENTE,4,2026-05-13,0,4,1
Nequi,le diera más pero no quieren hacer préstamos aún que solo uso este banco,4,2026-05-13,0,14,1
Nequi,es muy buena y practica,5,2026-05-13,0,5,1
Nequi,es mucho más fácil,5,2026-05-13,0,4,1
Nequi,Ya he intentado por chat y teléfono de la app sin respuesta. Quedo atenta por el canal oficial.,1,2026-05-13,0,18,0
Nequi,buena tarde la app no me deja ingrasar me pide actuakizar hora y fexha y por mas que lo haga no deja de pedirme lo mismo que debo hacer,4,2026-05-13,0,29,1
Nequi,Esta aplicasion es una chimba la mejor de todas parce,5,2026-05-13,0,10,1
Nequi,"Nequi es todo tonto, se la pasa fallando y además cuento mi experiencia personal, cuando intenté crear mi cuenta por más perfecta que saliera la foto no más no la recibía, pedí ayuda y cuando fui a revisar como estaba mi caso en la parte de revisa tus casos, me mandaba a la página de inicio, nequi es todo tonto",1,2026-05-13,1,60,0
Nequi,Excelente,5,2026-05-13,0,1,1
Nequi,super,5,2026-05-13,0,1,1
Nequi,práctica y segura,5,2026-05-13,0,3,1
Nequi,mi problema es que no me puedo registrar siendo menor de edad me pide el registro y yo lo sube y dice error no podemos crear tu nequi,4,2026-05-13,0,28,1
Nequi,lo único por mejorar es su ineficiencia de que la plataforma se cae mucho del resto 10 de 10,5,2026-05-13,0,19,1
Nequi,bien bueno,5,2026-05-13,0,2,1
Nequi,desde hace un mes no han podido solucionar el problema que tengo con mi caso de la aplicación no me deja entrar siempre me dicen lo mismo que el transcurso de los días lo solucionan y pasa el tiempo y nada,2,2026-05-13,0,41,0
Nequi,ando demaciado inconforme con la aplicación últimamente me andan bloqueando demaciado la tarjeta eso es castroso que necesita una hacer comprás y por qué supuestamente no las reconoce,2,2026-05-13,0,28,0
Nequi,la numero 1 en servicio al cliente,5,2026-05-13,0,7,1
Nequi,excelente todo,5,2026-05-13,0,2,1
Nequi,Muy bien,5,2026-05-13,0,2,1
Nequi,muy bueno,5,2026-05-13,0,2,1
Nequi,"Tengo muchas dificultades para abrir mi Nequi, se queda pensando y no me permite entrar",1,2026-05-13,0,15,0
Nequi,"Tengo muchas dificultades en abrir mi Nequi, s hasta las 8iempre que lo trato de abrir se queda pensando y no abre. Ya lo desinstale, lo volví a instalar pero siempre pasa lo mismo.",5,2026-05-13,0,34,1
Nequi,excelente aplicación,5,2026-05-13,0,2,1
Nequi,Bancolombia creo a Nequi para poder robarle a los Colombianos sus ahorros sin registros de transferencias y sin derechos a devolución... Atención los mismos funcionarios de Nequi & Bancolombia roban las cuentas sin pedir token o clave secreta... Robar en Colombia PAGA y lo peor es que son ellos mismos!!!! Confirmado por un exfuncionario de Bancolombia Gerente Regional y exdirector de Oficina.. Maravilloso,1,2026-05-13,0,63,0
Nequi,Nequi Bancolombia es excelente. por favor solicito un credito inmediato,5,2026-05-13,0,10,1
Nequi,excelente atencion,5,2026-05-13,0,2,1
Nequi,muy buenos,5,2026-05-13,0,2,1
Nequi,uso exitoso,5,2026-05-13,0,2,1
Nequi,excelente,5,2026-05-13,0,1,1
Nequi,me bloquearon no entiendo porqué tengo que esperar 17 horas,1,2026-05-13,0,10,0
Nequi,muy bueno,4,2026-05-13,0,2,1
Nequi,es muy buena,5,2026-05-13,0,3,1
Nequi,excelente app,5,2026-05-13,0,2,1
Nequi,buena,5,2026-05-13,0,1,1
Nequi,excelente app muy opcional para retirar,5,2026-05-13,0,6,1
Nequi,💩,1,2026-05-13,0,1,0
Nequi,excelente,5,2026-05-13,0,1,1
Nequi,está bacano,5,2026-05-13,0,2,1
Nequi,eficiente y eficaz para el movimiento del dinero,5,2026-05-13,0,8,1
Nequi,chéveres,5,2026-05-13,0,1,1
Nequi,excelente.,5,2026-05-13,0,1,1
Nequi,excelente servicio,5,2026-05-13,0,2,1
Nequi,muy buena aplicación solo que se cae mucho ahora mismo estoy intentando entrar y no deja y necesito usar la aplicación con urgencia,5,2026-05-13,0,23,1
Nequi,No aparecen las notificaciones,5,2026-05-13,0,4,1
Nequi,siempre caida q porquería mejoren eso,1,2026-05-13,0,6,0
Nequi,pésimo servicio ya casi no abre la han recargado tanto que mantiene sin conexión ya no es lo mismo,1,2026-05-13,0,19,0
Nequi,se cae demasiado,1,2026-05-13,0,3,0
Nequi,Super bueno,5,2026-05-13,0,2,1
Nequi,una palabra. inestable,1,2026-05-13,0,3,0
Nequi,"el día de hoy llevo varias veces intentando ingresar, actualice la aplicación y reinicie mi teléfono y aún así no me deja, me aparece un letrero que dice error de conexión intenté más tarde. Pero no intenté tanto con mi datos como el wifi y de ninguna de las dos formas y internet si tengo",1,2026-05-13,0,55,0
Nequi,Cada rato molesta,1,2026-05-13,0,3,0
Nequi,buena aplicación,5,2026-05-13,0,2,1
Nequi,lo mejor,5,2026-05-13,0,2,1
Nequi,muchas fallas,1,2026-05-13,0,2,0
Nequi,Hasta ahora súper el aplicativo.,5,2026-05-13,0,5,1
Nequi,muy buena app,5,2026-05-13,0,3,1
Nequi,"no me deja ingresar, me pide reconocimiento facial, aparece listo, y ahí queda, lo he instalado y desinstalado, y nada que funcionan, si puede, no descarguen está app",1,2026-05-13,0,28,0
Nequi,muy buena,5,2026-05-13,0,2,1
Nequi,la mejor app,5,2026-05-13,0,3,1
Nequi,Excelente gracias,5,2026-05-13,0,2,1
Nequi,súper,5,2026-05-13,0,1,1
Nequi,"No puedo ingresar a la aplicación , tengo buen internet, pero me dice error de conexión y no me deja entrar",5,2026-05-13,0,21,1
Nequi,me gusta,5,2026-05-13,0,2,1
Nequi,no me quiere prestar dinero que necesit0 para un negocio,1,2026-05-13,0,10,0
Nequi,excelente servicio.,5,2026-05-13,0,2,1
Nequi,app súper útil últimamente a mejorado notablemente es clara y fácil de usar aunque sí mueves mucho en muy poco tiempo te bloquean lo que es un poco molesto pero ya está mucho mejor a versiones anteriores,5,2026-05-13,0,37,1
Nequi,excelente,5,2026-05-13,0,1,1
Nequi,"llevo días sin poder mover mi dinero, según la aplicación, ya llené mis topes... no me permite cambiar a cuenta de ahorros como la aplicación misma sugiere, dice ser un depósito de bajo monto regulado y que el tope es $11'214.000oo mas o menos y me tiene perjudicado esta situación.",1,2026-05-13,0,50,0
Nequi,super,5,2026-05-13,0,1,1
Nequi,"LEAN BIEN: Por favor agreguen de nuevo la opción ""Paga en datáfono"" que venía dentro de la app para hacer pagos con NFC, ya que la usaba a diario. Principalmente cuando no tenía a la mano mi tarjeta física. Aclaro que uso un dispositivo HUAWEI que no es compatible con la billetera de Google. Anteriormente la app incluía esta opción de pagar con NFC y me iba perfecto (P. D.: Si no leen bien mi comentario ni se molesten en responder ya que siempre dan sus respuestas pre-elaboradas que no ayudan).",1,2026-05-13,1,91,0
Nequi,asta el momemto buena,5,2026-05-13,0,4,1
Nequi,"La app es buena pero no me gusto que, no pueda abrir ni descargar esta app en mi samsung s24 FE ni mucho menos me deje la opcion de habilitar GOOGLE PLAY",1,2026-05-13,0,32,0
Nequi,muy seguro,5,2026-05-13,0,2,1
Nequi,es una app muy buena para ahorrar plata hacer transferencia o pagar servicios me a servido mucho se las recomiendo rápido seguro 5 estrellas 🤩💫,5,2026-05-13,0,25,1
Nequi,buena,4,2026-05-13,0,1,1
Nequi,es muy bueno,4,2026-05-13,0,3,1
Nequi,le doy una estrella por tampoco he podido abrir el nequi y pero eso no me deja ni abrí así sea que ponga la cédula pero eso es un proceso muy fatal,1,2026-05-13,0,32,0
Nequi,muy bueno,5,2026-05-13,0,2,1
Nequi,lo mejor,5,2026-05-13,0,2,1
Bancolombia,exelente,4,2026-05-20,0,1,1
Bancolombia,Excelente,5,2026-04-28,0,1,1
Bancolombia,"Mientras la use hace un año atrás me fue bien, e innovadora y segura, tener cuidado al momento de hacer registro de registrar el usuario digital por primera vez para no bloquear la clave del cajero, y no tener que ir a una oficina solo por eso.",4,2026-04-24,0,47,1
Bancolombia,muy buena,5,2026-04-17,0,2,1
Bancolombia,ecelente,5,2026-04-06,0,1,1
Bancolombia,bueno,5,2026-03-16,0,1,1
Bancolombia,Muy mala esa ap no abre y a todo momento dice que error,1,2026-02-28,1,13,0
Bancolombia,pues a mí me gusta bancolombia,5,2026-02-27,0,6,1
Bancolombia,no me deja abrir la app de Bancolombia,1,2026-02-10,0,8,0
Bancolombia,excelente banco,4,2026-02-09,0,2,1
Bancolombia,no funciona,1,2026-02-07,0,2,0
Bancolombia,me gusta la aplicación es segura,5,2026-01-31,0,6,1
Bancolombia,a nadie le gusta esta app. con la que se tiene es buena y no hay queja.,1,2026-01-23,0,17,0
Bancolombia,excelente,5,2026-01-11,0,1,1
Bancolombia,"Excelente, pero desde que Actualizaron, la nueva 📛🏷️ Logo, No he podido ingresar y Ahora que me encuentro en Venezuela, menos puedo ingresar, Yo voy a radicarme, en España y no sé cómo realizar mis pagos y transferencias,cuando, realice mis envíos de dinero,ya que tengo mi 💳💳 tarjeta de cuenta de ahorros y ni con mi Clave, puedo ingresar, les pido por favor, me Ayuden en ésto,ya que mi tarjeta 💳 está activa hasta el año. 2027,Agradeciendo la Atención Prestada,Todo el Equipo de Bancolombia.",5,2026-01-09,0,84,1
Bancolombia,importante parami,5,2025-12-30,0,2,1
Bancolombia,sastifecho,5,2025-12-10,0,1,1
Bancolombia,"Me gustaba, pero igual esta ya no sirve porque ahora es Mi Bancolombia",5,2025-12-10,0,13,1
Bancolombia,no me deja entrar,2,2025-10-20,0,4,0
Bancolombia,exelente,5,2025-10-06,0,1,1
Bancolombia,"""My essential banking tool! This app is incredibly secure and reliable. I can handle all my finances—transfers, bill payments, checking balances—quickly and without ever needing to visit a branch. The face/fingerprint recognition for login makes it totally hassle-free and trustworthy. The perfect mobile banking experience. Fully deserves 5 stars!""",5,2025-09-28,0,49,1
Bancolombia,El banco de los Colombianos exelente,5,2025-09-25,0,6,1
Bancolombia,buen servicio,5,2025-08-27,0,2,1
Bancolombia,regular,1,2025-08-26,0,1,0
Bancolombia,👍,5,2025-08-09,0,1,1
Bancolombia,excelente,5,2025-08-07,0,1,1
Bancolombia,es muy beneficiosa,5,2025-07-31,0,3,1
Bancolombia,Excelentes,5,2025-07-25,0,1,1
Bancolombia,lastima que la quitaron pero muy buena,5,2025-07-17,0,7,1
Bancolombia,muy bueno,5,2025-06-18,0,2,1
Bancolombia,Muy buenas atenciones,5,2025-06-18,0,3,1
Bancolombia,buenas,5,2025-06-12,0,1,1
Bancolombia,bueno,5,2025-06-03,0,1,1
Bancolombia,la calificación que yo le voy a dar a bancolombia es la mejor porque es una aplicación muy buena pero ahora esta aplicación no está está en viva Colombia pero igual te doy una buena reseña,5,2025-06-03,0,36,1
Bancolombia,con la nueva app de Bancolombia me bloquearon la clave dinámica estoy en el extranjero no me dan ninguna solución para eso .pesimooo servicio,1,2025-06-02,0,24,0
Bancolombia,muy buena,5,2025-06-02,0,2,1
Bancolombia,Debería ser más automática y menos compleja.,4,2025-05-31,0,7,1
Bancolombia,siper,5,2025-05-31,0,1,1
Bancolombia,malo no me recibe bien la clave,1,2025-05-31,0,7,0
Bancolombia,Nueva App de Bancolombia,5,2025-05-29,0,4,1
Bancolombia,excelente,5,2025-05-29,0,1,1
Bancolombia,Exelente,5,2025-05-29,0,1,1
Bancolombia,excelente,5,2025-05-29,0,1,1
Bancolombia,confusa,5,2025-05-28,0,1,1
Bancolombia,lo más malo del mundo,1,2025-05-28,0,5,0
Bancolombia,mala experiencia,1,2025-05-25,0,2,0
Bancolombia,lo mejor,5,2025-05-25,0,2,1
Bancolombia,no me deja usarla,1,2025-05-24,0,4,0
Bancolombia,lleno toda la información y me sale cuenta bloqueada cuando nunca he podido ingresar qué pésimo servicio,1,2025-05-24,0,17,0
Bancolombia,"No mejoró mucho, pero creo que no empeoró",4,2025-05-23,0,8,1
Bancolombia,PÉSIMO SERVICIO,1,2025-05-23,0,2,0
Bancolombia,gracias por lindos momentos,5,2025-05-23,0,4,1
Bancolombia,"Bancolombia es tan ineficiente, y tan mala, pésima, que te pide cambiar de app, pero después te pide verificaciones, con la app antigua, para configurar la nueva app jajajajajajja",1,2025-05-23,0,29,0
Bancolombia,señores de Bancolombia está app no abre,1,2025-05-21,1,7,0
Bancolombia,excelente gracias,5,2025-05-20,0,2,1
Bancolombia,bien,4,2025-05-19,0,1,1
Bancolombia,me gusta,5,2025-05-18,0,2,1
Bancolombia,"esta app es una porquería, son unos tacaños los dueños de este banco.",1,2025-05-17,0,13,0
Bancolombia,"Muy agradecida por los servicios, pero algo desilusionada, pedí aumento de cupo y me rechazaron la solicitud pidiendo tooooda la papelería de nuevo, hace falta mejor fidelización.",4,2025-05-17,0,27,1
Bancolombia,cool,5,2025-05-16,0,1,1
Bancolombia,La experiencia fue excelente durante el uso de esta aplicacion,5,2025-05-16,0,10,1
Bancolombia,Bancolombia son los mejores que hay del sector financiero.,5,2025-05-16,0,9,1
Bancolombia,buena atención,5,2025-05-15,0,2,1
Bancolombia,porq esta muy bueno,4,2025-05-15,0,4,1
Bancolombia,exelente calidad,5,2025-05-15,0,2,1
Bancolombia,funcionó bien,4,2025-05-14,0,2,1
Bancolombia,"En la última actualización ya no me permite realizar transacciones. me pide la clave dinámica de la aplicación anterior, pero la aplicación anterior me sale apagada, ya no puedo entrar. Eso ha sido un problema puesto que ahora estoy en el extranjero. ¿Qué podría hacer? gracias.",1,2025-05-14,0,46,0
Bancolombia,buena,5,2025-05-14,0,1,1
Bancolombia,muy buena,5,2025-05-13,0,2,1
Bancolombia,excelente 👌,5,2025-05-13,0,2,1
Bancolombia,"Mi pregunta es, si en esta aplicación hago movimientos de dinero, se me puede facilitar para pedir un préstamo al banco por los movimientos de dinero que entra y sale de mi cuenta, es decir. Se me estaría abriendo una vida crediticia?. O por ejemplo esta plataforma paga por tener tu dinero ahí?.",1,2025-05-12,0,53,0
Bancolombia,"el líneas generales fue una buena aplicación de servicios financieros pero desafortunadamente la quitaron, espero que la que colocaron de reemplazo sea mucho mejor...",5,2025-05-11,0,24,1
Bancolombia,fue excelente mientras duró,5,2025-05-11,0,4,1
Bancolombia,"Ustedes inactivaron las llamadas desde la página web porque sabian lo que se les venia. He hablado con no menos de 10 personas, via chat web y via Whatsapp. Solo ofrecen llamar de vuelta y NUNCA LLAMAN. Di mi número personal y dos alternativos. Se rien del cliente en su cara, irrespetan el tiempo de los demás y, peor aun, con el dinero que se tiene en la cuenta y no se puede movilizar por negligencias del banco. Son unos impresentables!",1,2025-05-11,1,81,0
Bancolombia,me dice que alagaron esta app y usa mi Bancolombia como app,1,2025-05-11,0,12,0
Bancolombia,Pésimo servicio creo que me voy a organizar para irme a otro banco,1,2025-05-11,0,13,0
Bancolombia,exelente,5,2025-05-11,0,1,1
Bancolombia,muy buena app,5,2025-05-11,0,3,1
Bancolombia,EXCELENTE,5,2025-05-11,0,1,1
Bancolombia,Excelente 👌,5,2025-05-08,0,2,1
Bancolombia,mal,1,2025-05-08,0,1,0
Bancolombia,No me ha dejado crear la cuenta y lo llevo intentando hace tiempo y no me deja,1,2025-05-08,0,17,0
Bancolombia,En su tiempo operativa fue excelente 👌,5,2025-05-08,0,7,1
Bancolombia,es mejor,5,2025-05-07,0,2,1
Bancolombia,Exelente servicio,5,2025-05-07,0,2,1
Bancolombia,fuiste una buena app gracias por tantos años proteger mi dinero ❤,5,2025-05-07,0,12,1
Bancolombia,es una porquería,1,2025-05-07,0,3,0
Bancolombia,muy bna,5,2025-05-07,0,2,1
Bancolombia,no sirve ni pa una gaver,1,2025-05-06,0,6,0
Bancolombia,"muy buena, exelente atención",5,2025-05-06,0,4,1
Bancolombia,"Llevo con la cuenta de Bancolombia más de 10 años, y todo bien allá en Colombia, pero por oportunidad laboral ahora vivo en el extranjero y ha sido un problema, cada vez que quiero usar la aplicación ingreso con mi usuario y clave y me salen incorrectos y siempre tengo que contactar a algún asistente y es un proceso porque no hay un número en donde pueda comunicarme y por el asistente de WhatsApp no muestra las opciones que necesito. Con la actualización de la plataforma es peor .",1,2025-05-06,6,89,0
Bancolombia,buenísima,5,2025-05-05,0,1,1
Bancolombia,muy buena app,5,2025-05-05,0,3,1
Bancolombia,buena,5,2025-05-05,0,1,1
Bancolombia,no avisaron que se trasladan de app,1,2025-05-05,0,7,0
Bancolombia,excelente,5,2025-05-05,0,1,1
Bancolombia,la opción de código QR la dañaron por completo,1,2025-05-05,0,9,0
Bancolombia,excelente,5,2025-05-04,0,1,1
Bancolombia,me gustaba era segura espero está nueva le llegue o la supere,5,2025-05-04,0,12,1
Bancolombia,"desactivan la aplicación antigua, para obligarte a pasar a la nueva, no te notifican😡😡😡😡y tras del hecho te toca ir al banco activarla",1,2025-05-04,0,23,0
Bancolombia,Hol buenas noches tengo la tarjeta de Bancolombia y no he podido abrir la cuenta aquí en el celular para mirar los movimientos de la tarjeta,5,2025-05-04,0,26,1
Bancolombia,Más ágil,5,2025-05-04,0,2,1
Bancolombia,muy bien,5,2025-05-03,0,2,1
Bancolombia,horrible,1,2025-05-03,0,1,0
Bancolombia,excelente,5,2025-05-03,0,1,1
Bancolombia,fácil de realizar el proceso,5,2025-05-03,0,5,1
Bancolombia,excelente,5,2025-05-03,0,1,1
Bancolombia,excelente,5,2025-05-02,0,1,1
Bancolombia,me gusta,5,2025-05-02,0,2,1
Bancolombia,"pésimo servicio 😡 saque el tuno virtual lo active a tiempo y me llaman después se 1 hora 😡 que ventajas tiene sacar el turno virtual, sede centro 93",1,2025-05-02,0,29,0
Bancolombia,buena,5,2025-05-02,0,1,1
Bancolombia,me gustó muchísimo,5,2025-05-02,0,3,1
Bancolombia,que pesar que no podemos seguir con esta app fue muy excelente 😃,5,2025-05-02,0,13,1
Bancolombia,pésima aplicación,1,2025-05-02,0,2,0
Bancolombia,muy buena,5,2025-05-02,0,2,1
Bancolombia,excelente,5,2025-05-02,0,1,1
Bancolombia,pésima aplicación y cobrando 4 cuotas de manejo en un solo mes,1,2025-05-02,0,12,0
Bancolombia,"trabajando muy mal, pesima",1,2025-05-02,0,4,0
Bancolombia,Fue lindo mientras duró.,5,2025-05-01,0,4,1
Bancolombia,excelentes,5,2025-05-01,0,1,1
Bancolombia,super buena una aplicación muy confiable y segura,5,2025-05-01,0,8,1
Bancolombia,buena,4,2025-05-01,0,1,1
Bancolombia,buena,5,2025-04-30,0,1,1
Bancolombia,Muy buena,5,2025-04-30,0,2,1
Bancolombia,q mal servicio cancelas la app y no avisan,1,2025-04-30,0,9,0
Bancolombia,excelente,5,2025-04-30,0,1,1
Bancolombia,1 estrella por qué no puedo poner 0 ahora hay que descargar otra app para entrar gran cosa no se actualiza una y hacen otra aplicación,1,2025-04-30,0,26,0
Bancolombia,bien,5,2025-04-30,0,1,1
Bancolombia,buena,4,2025-04-30,0,1,1
Bancolombia,muy buena,5,2025-04-30,0,2,1
Bancolombia,para mi fue exelente su uso,5,2025-04-30,0,6,1
Bancolombia,muy bien,5,2025-04-30,0,2,1
Bancolombia,bien,5,2025-04-29,0,1,1
Bancolombia,muy buena aplicación,5,2025-04-29,0,3,1
Bancolombia,Excelente,5,2025-04-29,0,1,1
Bancolombia,muy cul bien,5,2025-04-29,0,3,1
Bancolombia,ya no funciona,1,2025-04-29,0,3,0
Bancolombia,Tanta plata que le roban al pueblo colombiano y no son capaces de hacer una aplicación funcional y decente. Una completa basura.,1,2025-04-29,1,22,0
Bancolombia,No me a gustado por qué tengo pagar para desinstalar la aplicacion,5,2025-04-29,0,12,1
Bancolombia,No puedo pasar la clave dinámica a la otra aplicación,1,2025-04-29,0,10,0
Bancolombia,me obligaron a cambiar pero esta estaba buena,5,2025-04-29,1,8,1
Bancolombia,Ya llevó más de una semana intentando entrar a mi Bancolombia y nada que se puede.,1,2025-04-29,0,16,0
Bancolombia,muy bueno,5,2025-04-28,0,2,1
Bancolombia,exelente,5,2025-04-28,0,1,1
Bancolombia,Excelente,5,2025-04-28,0,1,1
Bancolombia,exelente,5,2025-04-28,0,1,1
Bancolombia,excelente,5,2025-04-28,0,1,1
Bancolombia,no puedo abrir problema Bancolombia app,2,2025-04-28,0,6,0
Bancolombia,"Dejó de funcionar, con lo mal que está funcionando la nueva app, deje esta, esperando solucionaran tanto inconvenientes de la nueva. Ahora inhabilitan esta y veo que la nueva sigue igual de mal, solo es leer las opiniones. Muy mal que cerraran esta.",1,2025-04-28,0,43,0
Bancolombia,"pésima está app, no sirve para nada",1,2025-04-28,0,7,0
Bancolombia,Muy buena y segura,5,2025-04-28,0,4,1
Bancolombia,exelente servicio,5,2025-04-28,0,2,1
Bancolombia,"excelente aplicación, lastima que la hayan quitado",5,2025-04-28,0,7,1
Bancolombia,todo excelente,5,2025-04-28,0,2,1
Bancolombia,muy buena que lástima que tocó eliminar por la nueva mi Bancolombia,5,2025-04-27,0,12,1
Bancolombia,Osea esta app ya no sirve?,1,2025-04-27,0,6,0
Bancolombia,buena,5,2025-04-27,0,1,1
Bancolombia,👌,5,2025-04-27,0,1,1
Bancolombia,Muy buena,5,2025-04-27,0,2,1
Bancolombia,"Fue muy buena, espero que la nueva app la superé!!",5,2025-04-27,0,10,1
Bancolombia,dejo de funcionar y no notificación,1,2025-04-27,0,6,0
Bancolombia,espectacular,5,2025-04-27,0,1,1
Bancolombia,bien,5,2025-04-27,0,1,1
Bancolombia,fácil de usar,5,2025-04-27,0,3,1
Bancolombia,fue una experiencia muy excelente,5,2025-04-27,0,5,1
Bancolombia,excelente,5,2025-04-27,0,1,1
Bancolombia,ok,5,2025-04-27,0,1,1
Bancolombia,muy buena,5,2025-04-27,0,2,1
Bancolombia,muy util para realizar compras y pagos. Gracias,5,2025-04-27,0,8,1
Bancolombia,fue buena y fácil,4,2025-04-26,0,4,1
Bancolombia,bien,5,2025-04-26,0,1,1
Bancolombia,exelente,5,2025-04-26,0,1,1
Bancolombia,muy mal,1,2025-04-26,0,2,0
Bancolombia,bien gracias para mí usuarios,5,2025-04-26,0,5,1
Bancolombia,Excelente,5,2025-04-26,0,1,1
Bancolombia,Adiós vaquero...,5,2025-04-26,0,2,1
Bancolombia,"Bancolombia cada día está peor, desarrollan una app que se bloquea cada rato, no acepta la clave dinámica y manda a buscarla en la aplicación antigua? que horrorrrrrrr",1,2025-04-26,0,28,0
Bancolombia,Buena app.,5,2025-04-26,0,2,1
Bancolombia,no me deja acceder a la app,1,2025-04-26,1,7,0
Bancolombia,buena,5,2025-04-26,0,1,1
Bancolombia,aún no entiendo porque modificaron la app.,5,2025-04-26,0,7,1
Bancolombia,excelente,5,2025-04-26,0,1,1
Bancolombia,muy práctico todo es muy rápido 👍,5,2025-04-26,0,7,1
Bancolombia,no me deja ingresar,1,2025-04-26,0,4,0
Bancolombia,Fue una excelente esperiencia,5,2025-04-26,0,4,1
Bancolombia,bien es segura,5,2025-04-26,0,3,1
Bancolombia,muy bien,5,2025-04-26,0,2,1
Bancolombia,excelente,5,2025-04-26,0,1,1
Bancolombia,muy excelente,5,2025-04-26,0,2,1
Bancolombia,era muy buena ojalá no sea una estafa porq Bancolombia tendrá que pagarme 100millones de pesos por daños y perjuicios y daños psicológicos,5,2025-04-25,0,23,1
Bancolombia,Muy bueno,5,2025-04-25,0,2,1
Bancolombia,exelente banco,5,2025-04-25,0,2,1
Bancolombia,muy buena aplicacion,5,2025-04-25,0,3,1
Bancolombia,fue muy buena,5,2025-04-25,0,3,1
Bancolombia,Exelente,5,2025-04-25,0,1,1
Bancolombia,No me deja entrar siempre me hace test si no soy robot y no me deja,1,2025-04-25,0,16,0
Bancolombia,presenta fallas para envío de la clave dinámica,4,2025-04-25,0,8,1
Bancolombia,"Cuando más necesito la aplicación está no funciona, aparece que hay problemas de conexión pero mi Internet está bien. Una aplicación como estas que no me permite usarla se merece 0 estrellas, pero aquí lo mínimo es 1. Cuando garanticen su funcionalidad 24/7 les daré su calificación correspondiente",1,2025-04-25,1,48,0
Bancolombia,Excelente servicio de Bancolombia su atención y rapidez no se compara con otros bancos.(A1).,5,2025-04-25,0,14,1
Bancolombia,No he podido dscargarla,1,2025-04-25,0,4,0
Bancolombia,muy bna,5,2025-04-25,0,2,1
Bancolombia,excelente,5,2025-04-25,0,1,1
Bancolombia,buenas tardes no me deja abrir la aplicación y me dice debo de descargar la aplicación mi Bancolombia es verdad que le pertenece a Bancolombia?,2,2025-04-25,0,25,0
Bancolombia,muy buena,5,2025-04-25,0,2,1
Bancolombia,"siempre fue buena, espero que la nueva también",5,2025-04-25,0,8,1
Bancolombia,buena,5,2025-04-25,0,1,1
Bancolombia,excelente,5,2025-04-25,0,1,1
Bancolombia,Excelente aplicación y muy confiable,5,2025-04-25,0,5,1
Bancolombia,me dice que está apagada,1,2025-04-25,0,5,0
Bancolombia,excelente aplicación 👍,5,2025-04-25,0,3,1
Bancolombia,excelente,5,2025-04-25,0,1,1
Bancolombia,Excelente gracias,5,2025-04-25,0,2,1
Bancolombia,muy buena aplicación,5,2025-04-25,0,3,1
Bancolombia,exelente,5,2025-04-25,0,1,1
Bancolombia,fue buena mientras duró,5,2025-04-25,0,4,1
Bancolombia,bello,4,2025-04-25,0,1,1
Bancolombia,buena,5,2025-04-25,0,1,1
Bancolombia,si ya no sirve la aplicación por qué no la quitan de la play store?,1,2025-04-24,0,15,0
Bancolombia,no recomiendo,1,2025-04-24,0,2,0
Bancolombia,exelente servicio,5,2025-04-24,0,2,1
Bancolombia,excelente,5,2025-04-24,0,1,1
Bancolombia,excelente,5,2025-04-24,0,1,1
Bancolombia,"Me abro una cuenta y lo primero que hacen es bloquearme la clave dinámica, pésima experiencia, no me había pasado antes con ningún otro banco",1,2025-04-24,0,25,0
Bancolombia,excelente muy fácil de usar,5,2025-04-24,0,5,1
Bancolombia,muy mal servicio que demora para sacar crear una cuenta crear usuario en la aplicación sacar un certificado (que les cuesta desde aplicación poner la opción de descargar y ya),1,2025-04-24,0,30,0
Bancolombia,"excelente app, muy cómoda y eficiente",5,2025-04-24,0,6,1
Bancolombia,vamos a ver si la nueva versión es mejor que está porque no me deja usarla mas,5,2025-04-24,0,17,1
Bancolombia,Muchas gracias por tantos años de servicio. Con afecto de un desarrollador a todo el equipo de desarrollo de la app. 👍,5,2025-04-24,0,22,1
Bancolombia,excelente,5,2025-04-24,0,1,1
Bancolombia,No permite el ingreso a la plataforma aún cuando tengo el usuario y contraseña intactos,1,2025-04-24,0,15,0
Bancolombia,Buena,5,2025-04-24,0,1,1
Bancolombia,buena super,5,2025-04-24,0,2,1
Bancolombia,completamente asquerosa,1,2025-04-24,0,2,0
Bancolombia,Muy buena,5,2025-04-24,0,2,1
Bancolombia,"excelente, me sirvio mucho.",5,2025-04-24,0,4,1
Bancolombia,buena,5,2025-04-24,0,1,1
Bancolombia,esto es un desastre he tratado de hacer el pago a una empresa y me piden la clave de seguridad y no la despachan creo que voy a tener que cambiar de banco esto es un caos,2,2025-04-24,0,37,0
Bancolombia,"Excelente, muy buena",5,2025-04-24,0,3,1
Bancolombia,buena,5,2025-04-24,0,1,1
Bancolombia,Mi experiencia con esta aplicación fue exelente,5,2025-04-24,0,7,1
Bancolombia,exelente servicio muy seguro,5,2025-04-24,0,4,1
Bancolombia,exelente,5,2025-04-24,0,1,1
Bancolombia,buena,5,2025-04-23,0,1,1
Bancolombia,exelenta,5,2025-04-23,0,1,1
Bancolombia,muy buena lastima que la quitaron,5,2025-04-23,0,6,1
Bancolombia,super bn todo,5,2025-04-23,0,3,1
Bancolombia,buena,5,2025-04-23,0,1,1
Bancolombia,excelente. gracias.,5,2025-04-23,0,2,1
Bancolombia,me encantó,5,2025-04-23,0,2,1
Bancolombia,"Es triste hacer esta reseña sobre uno de los ""mejores Bancos"", ahora la administración de Fondos de fiducias tambien afecto la sucursal virtual, antes podia ver los nombres personalizados, ahora no, tampoco permite cancelarlos y debo ir a la oficina",1,2025-04-23,0,40,0
Bancolombia,"pensé que ya no servía y la elimine, ahora me toca volver a instalar la app para poder registrar a mi usuario en la nueva app 🙄😔😔",4,2025-04-23,0,27,1
Bancolombia,me sirvió de mucho gracias Bancolombia,5,2025-04-23,0,6,1
Bancolombia,lastima que te vallas chiquita,5,2025-04-23,0,5,1
Bancolombia,A parte de las caídas masivas nunca tuve inconvenientes personales con la app.,5,2025-04-23,0,13,1
Bancolombia,bien,5,2025-04-23,0,1,1
Bancolombia,muy buena,5,2025-04-23,0,2,1
Bancolombia,fue maravilloso mientras duró,5,2025-04-23,0,4,1
Bancolombia,"sensacional! espero que la app nueva la iguale o supere, aunque los comentarios no hablan nada bien de la nueva app.",5,2025-04-22,0,21,1
Bancolombia,inscribo una cuenta y no me aparece pésima aplicación,1,2025-04-22,0,9,0
Bancolombia,amigable,5,2025-04-22,0,1,1
Bancolombia,excelente,5,2025-04-22,0,1,1
Bancolombia,Cumple,5,2025-04-22,0,1,1
Bancolombia,aplicación sencilla de usar. rápida yefectiva,5,2025-04-22,0,6,1
Bancolombia,Excelente,5,2025-04-22,0,1,1
Bancolombia,buena,5,2025-04-22,0,1,1
Bancolombia,"no es clara, muchos pasos",1,2025-04-22,0,5,0
Bancolombia,Gracias y chao. buena app,5,2025-04-22,0,5,1
Bancolombia,excelente,5,2025-04-22,0,1,1
Bancolombia,aplicación muy útil y fácil de manejo,5,2025-04-21,0,7,1
Bancolombia,buenas y rápida,5,2025-04-21,0,3,1
Bancolombia,muy buena,5,2025-04-21,0,2,1
Bancolombia,maravillosa,5,2025-04-21,0,1,1
Bancolombia,muy buena y confiable,5,2025-04-21,0,4,1
Bancolombia,no me permite entrar a mi aplicación en estos momentos,5,2025-04-21,0,10,1
Bancolombia,muy buena,5,2025-04-21,0,2,1
Bancolombia,pésima app mejor paso mi plata a Davivienda y el colmo ahora te cobran por transferencia a nequi no se supone que son las mismas entidades que robo,1,2025-04-20,0,28,0
Bancolombia,muy buena fácil de manejar 😃 hace mucho la tengo,5,2025-04-20,0,10,1
Bancolombia,👍 buena,5,2025-04-19,0,2,1
Bancolombia,Una App Que Ya No Está Habilitada Porque No La Eliminan,1,2025-04-19,0,11,0
Bancolombia,Ya caduco,5,2025-04-19,0,2,1
Bancolombia,excelente aplicasion 👍🏽,5,2025-04-18,0,3,1
Bancolombia,Nunca he tenido ningún problema,5,2025-04-18,0,5,1
Bancolombia,"No presente algún tipo de fallo, solo hace unos días. Pero parece ser que fue a raíz de el cambio hacia la nueva App Mi Bancolombia. Mientras use está aplicación, no hubo algo realmente negativo que destacar.",4,2025-04-18,0,37,1
Bancolombia,Muy buena experiencia.,5,2025-04-18,0,3,1
Bancolombia,me gustó bastante,5,2025-04-17,0,3,1
Bancolombia,muy lenta,1,2025-04-17,0,2,0
Bancolombia,ya cree mi usuario y no me deja ingresar pésima aplicación,1,2025-04-17,0,11,0
Bancolombia,super bueno,5,2025-04-16,0,2,1
Bancolombia,exelente no tube ningún problema mientras la use,5,2025-04-16,0,8,1
Bancolombia,util,5,2025-04-16,0,1,1
Bancolombia,Se cae mucho,4,2025-04-16,0,3,1
Bancolombia,Estpy muy preocupada por que el bolsillo no me estan tomando un movimiento de 1 millon que realice. Y ya no me aparece ni en el saldo ni en el bolsillo. Solicito revisión y solucion a este caso. Gracias,2,2025-04-16,0,39,0
Bancolombia,muy bien,5,2025-04-16,0,2,1
Bancolombia,muy buena gracias muy rápida,5,2025-04-16,0,5,1
Bancolombia,ok,5,2025-04-15,0,1,1
Bancolombia,"Me parece muy innecesario la app mi bancolombia, uno se tiene tener la clave dinámica para hacer transferencia, es mejor que sólo dejen bancolombia personas",2,2025-04-15,0,25,0
Bancolombia,excelente recurso financiero,5,2025-04-15,0,3,1
Bancolombia,😎,5,2025-04-15,0,1,1
Bancolombia,"pesima app, muy lenta y presenta errores de carga, optimicen y faciliten aun más la interfaz",1,2025-04-15,0,16,0
Bancolombia,Si eliminaron está aplicación es por algo,1,2025-04-15,0,7,0
Bancolombia,No funciona. La aplicación nueva es Mi Bancolombia con fondo negro.,1,2025-04-15,0,11,0
Bancolombia,excelente servicio,4,2025-04-15,0,2,1
Bancolombia,exelente,5,2025-04-15,0,1,1
Bancolombia,"terrible baje hace más de un mes la nueva aplicación y después de este tiempo todo funcionaba bien, pero ahora no me permite darle la tal actualización que piden y la respuesta en pantalla es que no tengo internet. pésimo está nueva aplicación",1,2025-04-15,0,43,0
Bancolombia,muy bn,5,2025-04-15,0,2,1
Bancolombia,muy buena excelente,5,2025-04-15,0,3,1
Bancolombia,ok,5,2025-04-15,0,1,1
Bancolombia,Nunca tuve un problema,5,2025-04-15,0,4,1
Bancolombia,"Fue excelente la experiencia con la APP Bancolombia Personas y siendo muy sincera, no encontré fallos en ningún momento.Gracias Bancolombia. Siempre he estado en este Banco y seguiré",5,2025-04-14,0,28,1
Bancolombia,me pareció muy buena,5,2025-04-14,0,4,1
Bancolombia,Buena,5,2025-04-14,0,1,1
Bancolombia,Fue muy buena. funcionaba incluso en el extranjero.,5,2025-04-14,0,8,1
Bancolombia,excelente,5,2025-04-14,0,1,1
Bancolombia,Bien,5,2025-04-14,0,1,1
Bancolombia,fue muy fácil bajar la aplicación.,5,2025-04-14,0,6,1
Bancolombia,excelente,5,2025-04-14,0,1,1
Bancolombia,Muchas vueltas con esa nueva app para hacer una simple transferencia,1,2025-04-14,0,11,0
Bancolombia,estuvo genial,5,2025-04-14,0,2,1
Bancolombia,para mi fue buena,4,2025-04-14,0,4,1
Bancolombia,Buena,5,2025-04-13,0,1,1
Bancolombia,buena,5,2025-04-13,0,1,1
Bancolombia,excelente todo bien,5,2025-04-13,0,3,1
Bancolombia,excelente,5,2025-04-13,0,1,1
Bancolombia,me pareció una excelente aplicación no entiendo por q la cambiaron,5,2025-04-13,0,11,1
Bancolombia,muy buena,5,2025-04-13,0,2,1
Bancolombia,rapida efectiva,5,2025-04-12,0,2,1
Bancolombia,Esta app siempre me funcionó muy bien,5,2025-04-12,0,7,1
Bancolombia,Buen servicio.,5,2025-04-12,0,2,1
Bancolombia,Fantástico,5,2025-04-12,0,1,1
Bancolombia,buena. excepto cuando hacían mantenimiento,4,2025-04-12,0,5,1
Bancolombia,un poco complicada.No se que hacer para sacar dinero,5,2025-04-12,0,9,1
Bancolombia,exelente,5,2025-04-12,0,1,1
Bancolombia,muy buena.,5,2025-04-12,0,2,1
Bancolombia,mejor que la nueva,5,2025-04-12,0,4,1
Bancolombia,muy mala la verdad,1,2025-04-12,0,4,0
Bancolombia,muy buena,5,2025-04-12,0,2,1
Bancolombia,Muy útil la verdad. Excelente aplicación. Esta muy optimizada,5,2025-04-12,0,9,1
Bancolombia,Exelente,5,2025-04-12,0,1,1
Bancolombia,fue un gran recurso para mis movimientos bancarios,4,2025-04-12,0,8,1
Bancolombia,buena,5,2025-04-12,0,1,1
Bancolombia,casi perfecta 👍,4,2025-04-12,0,3,1
Bancolombia,mucho problema con la clave dinámica 😕,1,2025-04-12,1,7,0
Bancolombia,Excelente servicio.,5,2025-04-11,0,2,1
Bancolombia,HASTA AHORA LA DESCARGUE .........TOCA MIRAR QUE PASA,5,2025-04-11,0,8,1
Bancolombia,muy sencillo,5,2025-04-11,0,2,1
Bancolombia,"Jah bless, por algo cerraron ustedes su propia app, no? digo.",1,2025-04-11,0,11,0
Bancolombia,ya no funciona 😔,1,2025-04-11,0,4,0
Bancolombia,súper elemento,5,2025-04-11,0,2,1
Bancolombia,buena,5,2025-04-11,0,1,1
Bancolombia,me gusta,5,2025-04-11,0,2,1
Bancolombia,era buena,5,2025-04-11,0,2,1
Bancolombia,es una basura estoy tratando de ingresar al aplicación con usuario y todo lo demas y no me deja ver mi cuenta .,1,2025-04-11,0,23,0
Bancolombia,buena.,5,2025-04-11,0,1,1
Bancolombia,Muy buena,5,2025-04-10,0,2,1
Bancolombia,muy buena mientras duró,5,2025-04-10,0,4,1
Bancolombia,Excelente!!,5,2025-04-10,0,1,1
Bancolombia,lo mejor,5,2025-04-10,0,2,1
Bancolombia,exelente,5,2025-04-10,0,1,1
Bancolombia,terrible. no deja hacer transferencias y siempre pide confirmación por WhatsApp y hay que esperar 15 minutos pasa el tiempo y no deja hacer el proceso hasta que bloquea la clave dinámica,1,2025-04-10,0,32,0
Bancolombia,"rapidísimo, seguro para cualquier transacción.",5,2025-04-10,0,5,1
Bancolombia,bueno,5,2025-04-10,0,1,1
Bancolombia,buena aplicación,5,2025-04-10,0,2,1
Bancolombia,buena,5,2025-04-10,0,1,1
Bancolombia,"Hasta el final fue una App increíble, no tengo queja alguna",5,2025-04-10,0,11,1
Bancolombia,"Bancolombia definitivamente trabaja para sus usuarios, gracias!",5,2025-04-09,0,7,1
Bancolombia,excelente muy buen servicio,5,2025-04-09,0,4,1
Bancolombia,problemas de seguridad,5,2025-04-09,0,3,1
Bancolombia,agradecida con la app,5,2025-04-09,0,4,1
Bancolombia,bien,5,2025-04-09,0,1,1
Bancolombia,la información es especifica para ser mas sencillo el proceso.,4,2025-04-09,0,10,1
Bancolombia,super bn,5,2025-04-08,0,2,1
Bancolombia,extraordinario y 👌 👌 👌 👌 👌,5,2025-04-08,0,7,1
Bancolombia,exigen tener múltiples cuentas para poder pagar un servicio,1,2025-04-08,0,9,0
Bancolombia,bien,4,2025-04-08,0,1,1
Bancolombia,exelente,5,2025-04-08,0,1,1
Bancolombia,terrible,1,2025-04-08,0,1,0
Bancolombia,fácil de usar pero a la hora de pagar las cuotas de préstamo da error así lleva. más de cuatro años,2,2025-04-08,0,21,0
Bancolombia,no he podido ingresar a mi cta x me rechaza la clave,5,2025-04-08,0,12,1
Bancolombia,👌 Exelente,5,2025-04-08,0,2,1
Bancolombia,Buena,5,2025-04-08,0,1,1
Bancolombia,excelente,5,2025-04-08,0,1,1
Bancolombia,excelente,5,2025-04-08,0,1,1
Bancolombia,Excelente,5,2025-04-08,0,1,1
Bancolombia,excepciónal,5,2025-04-08,0,1,1
Bancolombia,excelente,5,2025-04-08,0,1,1
Bancolombia,fue rápido y fácil,5,2025-04-08,0,4,1
Bancolombia,buenas,5,2025-04-07,0,1,1
Bancolombia,excelente,5,2025-04-07,0,1,1
Bancolombia,"no sirve para nada, la clave dinámica no funciona, no deja hacer trasferencia ni nada",1,2025-04-07,0,15,0
Bancolombia,Aun descaradamente prestan el peor servicio.,1,2025-04-07,0,6,0
Bancolombia,Está aplicación fue muy buena.,5,2025-04-06,0,5,1
Bancolombia,excelente,5,2025-04-06,0,1,1
Bancolombia,muy bien 👍,5,2025-04-06,0,3,1
Bancolombia,super,5,2025-04-06,0,1,1
Bancolombia,me a ido muy bien,5,2025-04-06,0,5,1
Bancolombia,Bien.,5,2025-04-06,0,1,1
Bancolombia,No me abre la apk de ahorro ala mano nesecito sacar el dinero y ya por más de 3 días no me abre,1,2025-04-05,0,23,0
Bancolombia,excelente,4,2025-04-05,0,1,1
Bancolombia,muy facil todo,5,2025-04-05,0,3,1
Bancolombia,buena,5,2025-04-05,0,1,1
Bancolombia,"me acaban de cobrar 3 veces cuota de manejo cuando estaba al día con estas mismas, me robaron en otras palabras y lo peor es que no dan razón.",1,2025-04-05,0,29,0
Bancolombia,mejor calida y facilidad,5,2025-04-05,0,4,1
Bancolombia,bien,5,2025-04-04,0,1,1
Bancolombia,buena,5,2025-04-04,0,1,1
Bancolombia,muy buena,5,2025-04-04,0,2,1
Bancolombia,"nunca me falló, excelente servicio",5,2025-04-04,0,5,1
Bancolombia,buena,5,2025-04-04,0,1,1
Bancolombia,"horrible, sin consentimiento me cambiaron de plan y ahora dizque tengo que pagar cuota de manejo... un asco total la atención al cliente. definitivamente estudiar opciones y pasarse de banco es lo mejor",1,2025-04-04,0,33,0
Bancolombia,genial,5,2025-04-04,0,1,1
Bancolombia,"Hola soy una persona adulta mayor vivo en el extranjero Y tratado hacer La nueva App y Además soy muy nerviosa, Me han ayudado y no he Podido lograr Instalar la App",1,2025-04-04,0,32,0
Bancolombia,"cómo app es buena, aparentemente tiene buenos niveles de seguridad, es facil de usar, lo malo es el banco que cobra mucho en intereses y cuotas de manejo",5,2025-04-04,0,28,1
Bancolombia,"consulto el saldo virtualmente y no me lo deja ver, sale otra información que no estoy buscando",1,2025-04-04,0,17,0
Bancolombia,Excelente,5,2025-04-04,0,1,1
Bancolombia,muy buena,5,2025-04-03,0,2,1
Bancolombia,"muy muy mala aplicación la peor de todas , algo tan simple como un certificado bancario que requieres de manera inmediata tengo que esperar 2 horas ! no estoy sacando un crédito con ustedes simplemente necesito un comprobante de mi cuenta que es tan difícil?",1,2025-04-03,0,45,0
Bancolombia,super full,5,2025-04-03,0,2,1
Bancolombia,bien,5,2025-04-03,0,1,1
Bancolombia,muy buena,5,2025-04-03,0,2,1
Bancolombia,Bien,5,2025-04-03,0,1,1
Bancolombia,excelente,5,2025-04-03,0,1,1
Bancolombia,Muy buena,4,2025-04-03,0,2,1
Bancolombia,muy bien gracias,4,2025-04-03,0,3,1
Bancolombia,es muy exelente,5,2025-04-03,0,3,1
Bancolombia,Muchas gracias,5,2025-04-02,0,2,1
Bancolombia,bien gracias,5,2025-04-02,0,2,1
Bancolombia,ese banco es ladrón metí 50.000 y en 2 meses solo tenía 7.000 Fuy a las oficinas me demoraron como 1 hora para darme respuesta de que se hizo el dinero me dijeron que por suscripciónes cuando nunca utilice esa tarjeta para nada la cancele por negligencia en sus servicios no les recomiendo este servicio,1,2025-04-02,0,55,0
Bancolombia,no se deja abrir,1,2025-04-02,0,4,0
Bancolombia,"Hola, necesito ayuda por favor, en mi teléfono dice que no es compatible la app con mi teléfono como puedo hacer? gracias",5,2025-04-02,0,22,1
Bancolombia,Buena,5,2025-04-02,0,1,1
Bancolombia,súper,5,2025-04-02,0,1,1
Bancolombia,"Nunca abre,todo el tiempo presenta error de conexión",1,2025-04-02,0,8,0
Bancolombia,muy buena,5,2025-04-02,0,2,1
Bancolombia,excelente,5,2025-04-01,0,1,1
Bancolombia,buena,5,2025-04-01,0,1,1
Bancolombia,bien,5,2025-04-01,0,1,1
Bancolombia,que porquería de aplicación.....me tiene sin poder realizar ningún tipo de transferencia..,1,2025-04-01,0,12,0
Bancolombia,bien todo,5,2025-04-01,0,2,1
Bancolombia,interesante,5,2025-04-01,0,1,1
Bancolombia,execelente,5,2025-04-01,0,1,1
Bancolombia,siempre excelente 👌,5,2025-03-31,0,3,1
Bancolombia,buena,5,2025-03-31,0,1,1
Bancolombia,es pésima!!!!,2,2025-03-31,0,2,0
Bancolombia,para mi fue excelente,5,2025-03-31,0,4,1
Bancolombia,exelente,5,2025-03-31,0,1,1
Bancolombia,horrible,1,2025-03-31,0,1,0
Bancolombia,exelente,5,2025-03-31,0,1,1
Bancolombia,super,5,2025-03-31,0,1,1
Bancolombia,ok,5,2025-03-31,0,1,1
Bancolombia,Que problema con los qr,1,2025-03-31,0,5,0
Bancolombia,exelente,5,2025-03-30,0,1,1
Bancolombia,no me deja entrar a mi cuenta,1,2025-03-30,0,7,0
Bancolombia,ok,5,2025-03-30,0,1,1
Bancolombia,Bien,4,2025-03-30,0,1,1
Bancolombia,excelente,5,2025-03-30,0,1,1
Bancolombia,"No están funcionando los bolsillos, si saco dinero de un bolsillo y lo voy a meter a otro bolsillo, me toca reiniciar la aplicación para que actualice el saldo, si no no deja agregar el dinero al otro bolsillo",1,2025-03-30,0,39,0
Bancolombia,buena,5,2025-03-30,0,1,1
Bancolombia,buenísima 👍👍,5,2025-03-30,0,2,1
Bancolombia,excelente,5,2025-03-30,0,1,1
Bancolombia,es muy dinámica y fácil de usar,5,2025-03-29,0,7,1
Bancolombia,"normalmente funcionaba bien, me cambio a mi bancolombia",4,2025-03-29,0,8,1
Bancolombia,buena,5,2025-03-29,0,1,1
Bancolombia,buena,5,2025-03-29,0,1,1
Bancolombia,"no funciona,ni siquiera me permitió inscribirme todo el tiempo decía usuario y contraseña erróneos,la desinstale,me comunique con el chat la empresa y es peor lastima no de la opción cero estrellas no la instalaré jamas.",1,2025-03-29,0,35,0
Bancolombia,SI ESTA APP NO SIRVE YA... ¿POR QUE LA SIGUEN MOSTRANDO PARA DESCARGAR?,1,2025-03-29,0,13,0
Bancolombia,"está es una excelente app. no como la nueva aplicación, Mi Bancolombia, que ni siquiera abre o funciona, es pésima.",5,2025-03-29,0,20,1
Bancolombia,es muy mala siempre q voy a ingresar con mi huella se me sale de la aplicación muy mala la aplicación 😡🤨,1,2025-03-29,0,22,0
Bancolombia,"pésima,pesima ahora sale falla en la conectividad,estaba mucho mejor la otra aplicación",1,2025-03-29,0,12,0
Bancolombia,buena,5,2025-03-29,0,1,1
Bancolombia,excelente,5,2025-03-29,0,1,1
Bancolombia,Ningúna de las Dos App ahora me funcionan. Porque ese,1,2025-03-29,0,10,0
Bancolombia,bueno,5,2025-03-29,0,1,1
Bancolombia,Más rápido es un proceso de la fiscalía que sus métodos ordinarios para hacer trámites,1,2025-03-29,0,15,0
Bancolombia,muy buena,5,2025-03-28,0,2,1
Bancolombia,muy buena 👌,5,2025-03-28,0,3,1
Bancolombia,excelente,5,2025-03-28,0,1,1
Bancolombia,No funciona aunque uno ingrese los datos.,1,2025-03-28,0,7,0
Bancolombia,después que la reconocí bien y sus funciones fue muy práctica,4,2025-03-28,0,11,1
Bancolombia,Ok,5,2025-03-28,0,1,1
Bancolombia,no saben q hacer ya con la aplicación,1,2025-03-28,0,8,0
Bancolombia,excelente,5,2025-03-28,0,1,1
Bancolombia,muy buena y Rapido,5,2025-03-28,0,4,1
Bancolombia,ok,5,2025-03-28,0,1,1
Bancolombia,muy bien,5,2025-03-28,0,2,1
Bancolombia,deberían eliminarla de aquí para que la gente no se confunda al momento de realizar la descarga de la nueva app,1,2025-03-28,0,21,0
Bancolombia,muy buena,5,2025-03-28,0,2,1
Bancolombia,"Rápida , eficiente",5,2025-03-28,0,3,1
Bancolombia,ok,5,2025-03-28,0,1,1
Bancolombia,cómo sera de mala esa app de Bancolombia que prefirieron hacer una nueva que actualizar está. horrible,1,2025-03-28,0,17,0
Bancolombia,buena,4,2025-03-28,0,1,1
Bancolombia,es una forma muy buena para realizar nuestras diferentes transiciones sin salir de casa gracias,5,2025-03-28,0,15,1
Bancolombia,Hace más de un mes puse un derecho de petición pidiendo incorporar la opción de referencias de pagos al hacer transferencias por la App. Nunca fue resuelto. ¿hay alguien que me quiera ayudar?,1,2025-03-27,0,33,0
Bancolombia,muy bien,5,2025-03-27,0,2,1
Bancolombia,Exelente,5,2025-03-27,0,1,1
Bancolombia,excelente,5,2025-03-27,0,1,1
Bancolombia,Bancolombia el mejor servicio,5,2025-03-27,0,4,1
Bancolombia,a cada rato me descuentan 20 mil pesos de seguro yo no sé que y que fastidio consigne 40 mil pesos y ahora disque que 20 mil una app horrible mejor banco Bogotá y otras está aplicacion descuentan por todo,1,2025-03-27,0,40,0
Bancolombia,exitosamente,5,2025-03-27,0,1,1
Bancolombia,excelente aplicación,5,2025-03-27,1,2,1
Bancolombia,Las personas a quienes les e consignado no e tenido problema alguna .Gracias,5,2025-03-27,0,13,1
Bancolombia,buenísimas,5,2025-03-27,0,1,1
Bancolombia,era mejor,5,2025-03-27,0,2,1
Bancolombia,la mejor de todas las versiones,5,2025-03-27,0,6,1
Bancolombia,muy buena,5,2025-03-27,0,2,1
Bancolombia,excelente servido aveces algo lento,4,2025-03-27,0,5,1
Bancolombia,Fácil,5,2025-03-26,0,1,1
Bancolombia,todo bien,5,2025-03-26,0,2,1
Bancolombia,excelente,5,2025-03-26,0,1,1
Bancolombia,súper buena,5,2025-03-26,0,2,1
Bancolombia,todo ok,4,2025-03-26,0,2,1
Bancolombia,bien,5,2025-03-26,0,1,1
Bancolombia,La App fue muy buena mientras funcionó. Ahora la reemplazaron por la App Mí Bancolombia.,5,2025-03-26,0,15,1
Bancolombia,Buena orientación,4,2025-03-26,0,2,1
Bancolombia,muy buena,5,2025-03-26,0,2,1
Bancolombia,excelente,5,2025-03-26,0,1,1
Bancolombia,muy buena,5,2025-03-26,0,2,1
Bancolombia,Excelente,5,2025-03-26,0,1,1
Bancolombia,excelente,5,2025-03-26,0,1,1
Bancolombia,excelente,5,2025-03-26,0,1,1
Bancolombia,siempre esta caido o funciona mal,1,2025-03-26,0,6,0
Bancolombia,"no sirve, no funciona, ni siquiera me deja acceder",1,2025-03-26,0,9,0
Bancolombia,"cada vez más engorroso, estoy que me voy a otro banco",1,2025-03-26,0,11,0
Bancolombia,regular,5,2025-03-26,0,1,1
Bancolombia,ok,5,2025-03-26,0,1,1
Bancolombia,"con 5 de 10 intentos de transferencias falla..y muriendo la debemos usar para usar clave dinámica de la nueva APP y ya no da dicha clave, claro, porque la apagaron...genios.",1,2025-03-26,0,30,0
Bancolombia,Muy mala aplicación,1,2025-03-26,0,3,0
Bancolombia,nueva app,5,2025-03-26,0,2,1
Bancolombia,excelente,5,2025-03-26,0,1,1
Bancolombia,buena y muy segura,5,2025-03-26,0,4,1
Bancolombia,me párese muy bien y facil de manejar,5,2025-03-26,0,8,1
Bancolombia,es buena,5,2025-03-26,0,2,1
Bancolombia,muy bueno,5,2025-03-26,0,2,1
Bancolombia,pesimas,1,2025-03-26,0,1,0
Bancolombia,buena,5,2025-03-26,0,1,1
Bancolombia,bien super,5,2025-03-26,0,2,1
Bancolombia,todo en orden. funciona perfectamente.,5,2025-03-26,0,5,1
Bancolombia,buena,4,2025-03-26,0,1,1
Bancolombia,exelente,5,2025-03-26,0,1,1
Bancolombia,super buena,5,2025-03-26,0,2,1
Bancolombia,buena,5,2025-03-26,0,1,1
Bancolombia,me fué fácil pasarme ala nueva app,5,2025-03-26,0,7,1
Bancolombia,muy bien,4,2025-03-26,0,2,1
Bancolombia,excelente,5,2025-03-26,0,1,1
Bancolombia,Desastre total....cambiaron algo que ya servía por una nueva aplicación que lo único que da es problemas.,1,2025-03-26,0,17,0
Bancolombia,el peor banco solo por necesidad,1,2025-03-26,0,6,0
Bancolombia,"una app muy similar a la anterior. rápida, ligera, efectiva e informática. Siempre me ha ido bien con estas app.",5,2025-03-26,0,20,1
Bancolombia,"tan complicados, mejor la anterior versión",1,2025-03-26,0,6,0
Bancolombia,muy buena,5,2025-03-26,0,2,1
Bancolombia,bien gracias,5,2025-03-26,0,2,1
Bancolombia,siempre funcionó bien,4,2025-03-26,0,3,1
Bancolombia,exelente,5,2025-03-26,0,1,1
Bancolombia,buena,5,2025-03-26,0,1,1
Bancolombia,Super,5,2025-03-26,0,1,1
Bancolombia,no es pésima estoy sufriendo con todos no es podido hacer nada que Entres es pésima no funciona se demora demasiado en abrir se queda pegada no que vaina,1,2025-03-25,0,29,0
Bancolombia,Lentisima,1,2025-03-25,0,1,0
Bancolombia,Excelente,5,2025-03-25,0,1,1
Bancolombia,Muy bueno,5,2025-03-25,0,2,1
Bancolombia,esepcional servicio,5,2025-03-25,0,2,1
Bancolombia,oki,5,2025-03-25,0,1,1
Bancolombia,Excelente 👌,5,2025-03-25,0,2,1
Bancolombia,muy pocas veces la he usado pero es una gran herramienta que facilita todas las posibles operaciones que necetemos sin tener que ir al Banco .es bastante amigable.,5,2025-03-25,0,28,1
Bancolombia,que servicio tan malo,1,2025-03-25,0,4,0
Bancolombia,excelente,5,2025-03-25,0,1,1
Bancolombia,"Excelente, si alguna vez falla es parte de los procesos. Gracias.",5,2025-03-25,0,11,1
Bancolombia,Todo bien,5,2025-03-25,0,2,1
Bancolombia,todo muy bien,5,2025-03-25,0,3,1
Bancolombia,"PÉSIMA EXPERIENCIA, NO QUE PASA CON EL SERVIDOR. NUNCA FUNCIONA 😔",1,2025-03-25,0,11,0
Bancolombia,Práctica y funcional.,5,2025-03-25,0,3,1
Bancolombia,"pésimo, no entiendo porque quitaron la otra app, desde ayer estoy tratando de entrar en esta y no me deja, que pérdida de tiempo, más vale que mi dinero esté a salvo",1,2025-03-25,0,32,0
Bancolombia,Muy buena,5,2025-03-25,0,2,1
Bancolombia,maravillosa,5,2025-03-25,0,1,1
Bancolombia,bien,5,2025-03-25,0,1,1
Bancolombia,Estuve en el banco y el chico q me iva a atender me dejo esperando. Esa aplicación es pésima deberían de pasar en nosotros los adultos mayores,1,2025-03-25,0,27,0
Bancolombia,muy buena,5,2025-03-25,0,2,1
Bancolombia,excelente y facil el cambio a la nueva app. gracias,5,2025-03-25,0,10,1
Bancolombia,bna,5,2025-03-25,0,1,1
Bancolombia,fue una buena app desde que salió para Android. Buen diseño intuitivo y práctico.,5,2025-03-25,0,14,1
Bancolombia,excelente,5,2025-03-25,0,1,1
Bancolombia,Buena mejor,5,2025-03-25,0,2,1
Bancolombia,perdí el tiempo instalado y abriendo para que me salga que use App mi bancolombia,1,2025-03-25,0,15,0
Bancolombia,Éramos felices y no lo sabiamos,5,2025-03-25,0,6,1
Bancolombia,cada día va de peor en peor la app buen servicio y todo pero no han podido con los problemas de la app compren buenos servidores,1,2025-03-25,0,26,0
Bancolombia,Dejó de funcionar.,1,2025-03-25,0,3,0
Bancolombia,excelente,5,2025-03-25,0,1,1
Bancolombia,muy excelente y fácil,5,2025-03-25,0,4,1
Bancolombia,mi mejor compañera durante muchos años. Feliz.,5,2025-03-25,0,7,1
Bancolombia,muy buena,5,2025-03-25,0,2,1
Bancolombia,fue buena,5,2025-03-25,0,2,1
Bancolombia,buena,5,2025-03-25,0,1,1
Bancolombia,mui buenas,5,2025-03-25,0,2,1
Bancolombia,muy buena,5,2025-03-25,0,2,1
Bancolombia,muy bien,5,2025-03-25,0,2,1
Bancolombia,buena,5,2025-03-25,0,1,1
Bancolombia,buena,5,2025-03-25,0,1,1
Bancolombia,"sensacional, muy buena",5,2025-03-25,0,3,1
Bancolombia,demasiado lenta espero que la app nueva mejore,4,2025-03-25,0,8,1
Bancolombia,Es Rápida y fCil de usarla,5,2025-03-25,0,6,1
Bancolombia,Exelente,5,2025-03-25,0,1,1
Bancolombia,muy buen,5,2025-03-25,0,2,1
Bancolombia,excelente,5,2025-03-25,0,1,1
Bancolombia,muy bien,5,2025-03-25,0,2,1
Bancolombia,"no es para todas las personas, un poco complicada",5,2025-03-25,0,9,1
Bancolombia,"Buenos días, ya se puede desinstalar la app?",4,2025-03-25,0,8,1
Bancolombia,bueno,5,2025-03-25,0,1,1
Bancolombia,excelente,5,2025-03-25,0,1,1
Bancolombia,super,5,2025-03-25,0,1,1
Bancolombia,dejó de funcionar,1,2025-03-25,0,3,0
Bancolombia,te extrañaré!,5,2025-03-25,0,2,1
Bancolombia,Fue una gran app nunca me presento problemas espero que la implementación de la nueva app sea igual de exitosa que está,5,2025-03-25,0,22,1
Bancolombia,muy eficiente,5,2025-03-25,0,2,1
Bancolombia,"Buena experiencia, pero faltaba dar detalle o nombre de las transferencias",5,2025-03-25,0,11,1
Bancolombia,"genial, muy fácil de manejar",5,2025-03-25,0,5,1
Bancolombia,"Excelente, muy rápida, amigable.",5,2025-03-25,0,4,1
Bancolombia,más rápida,5,2025-03-25,0,2,1
Bancolombia,buena,5,2025-03-25,0,1,1
Bancolombia,Buena,5,2025-03-25,0,1,1
Bancolombia,es una porquería,1,2025-03-25,0,3,0
Bancolombia,no cambio mi Bancolombia,5,2025-03-25,0,4,1
Bancolombia,está es la nueva app para descargar antes del 25,5,2025-03-25,0,10,1
Bancolombia,"excelente, muchas gracias",5,2025-03-24,0,3,1
Bancolombia,muy complicado,1,2025-03-24,0,2,0
Bancolombia,muy buena,5,2025-03-24,0,2,1
Bancolombia,excelente,5,2025-03-24,0,1,1
Bancolombia,muy buena,5,2025-03-24,0,2,1
Bancolombia,super,5,2025-03-24,0,1,1
Bancolombia,excelente app fácil y rápido para todos trámites,5,2025-03-24,0,8,1
Bancolombia,No es nada fácil. En este momento desconozco si mi registro fue exitoso.,1,2025-03-24,0,13,0
Bancolombia,muy buena,5,2025-03-24,0,2,1
Bancolombia,excelente,4,2025-03-24,0,1,1
Bancolombia,muy fácil el proceso,5,2025-03-24,0,4,1
Bancolombia,chevere,5,2025-03-24,0,1,1
Bancolombia,excelente,5,2025-03-24,0,1,1
Bancolombia,excelente,5,2025-03-24,0,1,1
Bancolombia,buena,5,2025-03-24,0,1,1
Bancolombia,hasta nunca vieja app :(,5,2025-03-24,0,5,1
Bancolombia,buena,5,2025-03-24,0,1,1
Bancolombia,horrible. Se mantiene caída,1,2025-03-24,0,4,0
Bancolombia,espero que sea más eficiente,4,2025-03-24,0,5,1
Bancolombia,Buena aplicación,5,2025-03-24,0,2,1
Bancolombia,todo bien,4,2025-03-24,0,2,1
Bancolombia,Es muy buena y brinda buen soporte,5,2025-03-24,0,7,1
Bancolombia,exelente,5,2025-03-24,0,1,1
Bancolombia,Super,5,2025-03-24,0,1,1
Bancolombia,buena,5,2025-03-24,0,1,1
Bancolombia,es practico,5,2025-03-24,0,2,1
Bancolombia,muy buena exelente,5,2025-03-24,0,3,1
Bancolombia,exelente,5,2025-03-24,0,1,1
Bancolombia,un poco difícil pero lo logré,5,2025-03-24,0,6,1
Bancolombia,super,5,2025-03-23,0,1,1
Bancolombia,Excelente,5,2025-03-23,0,1,1
Bancolombia,muy buena,5,2025-03-23,0,2,1
Bancolombia,lastima que deja de funcionar... me fué muy bien con esta aplicación,5,2025-03-23,0,12,1
Bancolombia,excelente,5,2025-03-23,0,1,1
Bancolombia,Buena,5,2025-03-23,0,1,1
Bancolombia,me ha sido demasiado útil,5,2025-03-23,0,5,1
Bancolombia,esta aplicación será eliminada el 25 de marzo de 2025,4,2025-03-23,0,10,1
Bancolombia,Que pasó con la opción de transferir a otros bancos no inscritos? cada vez peor la aplicación y las cosas malas son las que transfieren a la nueva APP. POR QUÉ QUIEREN ESTARLE COMPLICANDO LA VIDA AL CLIENTE CADA VEZ MÁS? PARA QUE SE RETIRE? 😡,1,2025-03-22,0,46,0
Bancolombia,muy buena,5,2025-03-22,0,2,1
Bancolombia,excelente aplicación,5,2025-03-22,0,2,1
Bancolombia,Nada nuevo,5,2025-03-22,0,2,1
Bancolombia,muy mala eso me robo 100.000 mil,1,2025-03-22,0,7,0
Bancolombia,exelente,5,2025-03-22,0,1,1
Bancolombia,la van desactivar,5,2025-03-22,0,3,1
Bancolombia,Excelente,5,2025-03-22,0,1,1
Bancolombia,Perfecta,5,2025-03-22,0,1,1
Bancolombia,"muy buena aplicación, 0 problemas en las dos años largos usándola",5,2025-03-22,0,11,1
Bancolombia,es celente,5,2025-03-21,0,2,1
Bancolombia,uff super buena esta nueva app a comparacion con la anterior. Esta es mucho más rápida y tiene las mismas funciones. Le doy 4 estrellas porque hace poco la instale y no he probado todas las funciones. Me queda la duda si ya puedo desistalar la app personas o espero hasta el 25 para desistalarla?,4,2025-03-21,0,55,1
Bancolombia,Buena,4,2025-03-21,0,1,1
Bancolombia,excelente,5,2025-03-21,0,1,1
Bancolombia,súper,5,2025-03-21,0,1,1
Bancolombia,buena,4,2025-03-21,0,1,1
Bancolombia,muy bien,5,2025-03-21,0,2,1
Bancolombia,hasta ahora me a funcionado super bien,4,2025-03-21,0,7,1
Bancolombia,Hasta Ahora Todo Va Bien👍🏾,5,2025-03-21,0,5,1
Bancolombia,Es excelente no se por que la quitan. Al menos digan por qué desaparece esta tan espectacular app.,5,2025-03-21,0,18,1
Bancolombia,Muy fácil de usar,5,2025-03-21,0,4,1
Bancolombia,fue muy Buena nos da Nostalgia que se vaya,5,2025-03-21,0,9,1
Bancolombia,MUY BUENA,5,2025-03-21,0,2,1
Bancolombia,Excelente!,5,2025-03-21,0,1,1
Bancolombia,bien,5,2025-03-20,0,1,1
Bancolombia,excelente,5,2025-03-20,0,1,1
Bancolombia,buenas,5,2025-03-20,0,1,1
Bancolombia,es mala dura todo un día haciendo fila para trámites tiene. poco personal para la atención al usuario oficinas fusagasuga,1,2025-03-20,0,20,0
Bancolombia,ok,5,2025-03-20,0,1,1
Bancolombia,excelentee,5,2025-03-20,0,1,1
Bancolombia,ha sido excelente. Gracias,5,2025-03-20,0,4,1
Bancolombia,"no tengo ninguna queja, carga rapido, siempre me notifica cuando me envian o trasfiero dinero, cuando tengo alguna duda me la resuelven rapido, hasta dan intereses por ahorrar en ella☺️",5,2025-03-20,0,30,1
Bancolombia,todo está bien mi bancolombia,5,2025-03-20,0,5,1
Bancolombia,muy buena,5,2025-03-20,0,2,1
Bancolombia,excelente,5,2025-03-20,0,1,1
Bancolombia,excelente gracias,5,2025-03-20,0,2,1
Bancolombia,"excelente aplicación, muy efectiva",5,2025-03-20,0,4,1
Bancolombia,bueno,5,2025-03-20,0,1,1
Bancolombia,"no entiendo porque obligan a usar una nueva app de Bancolombia, si la que tenemos nos funciona bien y no usaremos nada de lo nuevo, debería ser opcional, pero no, tienen que obligarnos 😬😬",1,2025-03-20,0,34,0
Bancolombia,"Era mejor que la nueva app, no presentaba problemas con la clave dinámica",5,2025-03-20,0,13,1
Bancolombia,Muy buena,5,2025-03-20,0,2,1
Bancolombia,excelente 👌 fue siempre bien 👍,5,2025-03-20,0,6,1
Bancolombia,Fácil,5,2025-03-20,0,1,1
Bancolombia,👍,5,2025-03-20,0,1,1
Bancolombia,"Nequi Bancolombia ¡Necesito una solución YA! Hace 4 días se realizó automáticamente una transferencia desde mi cuenta Bancolombia a Nequi, y hasta el momento ninguno de los dos bancos me da una respuesta clara sobre dónde está mi dinero.Primero me dijeron que esperara de 3 a 4 días hábiles, luego que hasta las 6 p. m., y ahora Nequi sale con que mi cuenta aparece ""No disponible"" y que la única solución es cerrarla y volver a abrirla. ¡Eso no es una respuesta válida! Mi dinero no puede desaparec",1,2025-03-20,0,89,0
Bancolombia,Fue buena,5,2025-03-19,0,2,1
Bancolombia,necesito activar la nueva app y me pide clave dinámica y ESTA APP NISIQUIERA ABREEEEEE AHORA COMO HAGO PARA TRANSFERIR??.? O HACER MOVIMIENTOOOOSS???,1,2025-03-19,0,23,0
Bancolombia,buena,5,2025-03-19,0,1,1
Bancolombia,excelente,5,2025-03-19,0,1,1
Bancolombia,No funciona. No permite transferir.,1,2025-03-19,0,5,0
Bancolombia,muy completa.,5,2025-03-19,0,2,1
Bancolombia,buena y fácil,5,2025-03-19,0,3,1
Bancolombia,"Esta app de Bancolombia, me ha proporcionado información valiosa. Pero ahora la tengo bloqueada.",5,2025-03-19,0,14,1
Bancolombia,exelente,5,2025-03-19,0,1,1
Bancolombia,me gusta mucho la app de Bancolombia,5,2025-03-19,0,7,1
Bancolombia,excelente,5,2025-03-19,0,1,1
Bancolombia,excelente aplicación muy sencilla de utilizar,5,2025-03-19,0,6,1
Bancolombia,mala. me tiene atrasado por pagos. no sé dan los pagos. relenta nunca deja realizar las transacciones. nunca deja pasar de la clave dinámica. Lo peor espero que está nueva app la puedan arreglar pronto. porque toca de hacer nuevamente las filas en bancos. mala mala,1,2025-03-19,0,46,0
Bancolombia,súper buena,5,2025-03-19,0,2,1
Bancolombia,excelente,5,2025-03-19,0,1,1
Bancolombia,para mejorar en seguridad bienvenida,4,2025-03-19,0,5,1
Bancolombia,"Muy deficiente la App, si uno hace una transferencia es imposible ver los detalles del movimiento, como hora o a quien se le envio, sin contar las múltiples estafas que suelen hacernos a los usuarios por la falta de seguridad de la sucursal!",2,2025-03-19,0,43,0
Bancolombia,es verdad que está aplicación va dejar de funcionar,2,2025-03-19,0,9,0
Bancolombia,Buena,5,2025-03-19,0,1,1
Bancolombia,excelente,5,2025-03-19,0,1,1
Bancolombia,"sigo en problemas con la porquería de ""mi bancolombia"", ustedes recomiendan comunicarme por X o facebook, que falta de respeto y seriedad más fácil para el hackeo y no responder legalmente, como saben que le espera a la humanidad un control total con los permisos que debemos de otorgarles para ese control.",1,2025-03-17,0,52,0
Bancolombia,Excelente,5,2025-03-17,0,1,1
Bancolombia,excelente,4,2025-03-17,0,1,1
Bancolombia,Buena,5,2025-03-17,0,1,1
Bancolombia,"Me parece de gran utilidad para todos los clientes y usuarios, para facilidad y comodidad en las diferentes transacciones. Esperando que continúe un buen servicio.",4,2025-03-17,0,25,1
Bancolombia,buenas,5,2025-03-17,0,1,1
Bancolombia,"buena, intuitiva, cómoda, funcional. Nunca he entendido la quejadera.",5,2025-03-17,0,9,1
Bancolombia,"Update marzo 15 de 2025: La nueva app, mejoró la velocidad de carga y transferencia a la cuarta parte. Es increíblemente más rápida que la anterior. Las últimas versiones mejoraron todo. Ojalá se pueda transferir a otras cuentas por fuera de Bancolombia sin esperar. Ya se puede pagar con la app sin contacto en los datáfonos?",5,2025-03-17,60,56,1
Bancolombia,super lento no sirve no deja ver mi cuenta,4,2025-03-17,0,9,1
Bancolombia,"La actualización app Bancolombia ya la había descargado tiene una interfaz entendible con mi esperiencia tengo que decir que tiene muy buenas funciones se puedo hacer transferencia entre cuentas del mismo banco pero no tiene opción de ingresar a la banca virtual personas, me gusta tiene que mejorar en eso, se puede recomendar.por eso le doy 4estrellas.",4,2025-03-17,0,57,1
Bancolombia,falla mucho,1,2025-03-17,0,2,0
Bancolombia,No se para que hacen descargar otro aplicación si la personas todavía va a servír,1,2025-03-17,0,15,0
Bancolombia,No tuve ningún problema al instalar la app.,5,2025-03-16,0,8,1
Bancolombia,"Con la nueva actualización, ya no sirve... tan solo se queda en blanco y luego de unos segundos genera error.",4,2025-03-16,0,20,1
Bancolombia,excelente,5,2025-03-16,0,1,1
Bancolombia,excelentes,5,2025-03-16,0,1,1
Bancolombia,Bien gracias,4,2025-03-16,0,2,1
Bancolombia,mala siempre molesta app,1,2025-03-16,0,4,0
Bancolombia,supremamente excelente gracias Google por tus mejoras cada día felicidades 🎉㊗️,5,2025-03-16,0,11,1
Bancolombia,"Excelente, muy práctica",5,2025-03-16,0,3,1
Bancolombia,"es estrictamente necesario instalar la otra aplicación? está me funciona perfectamente y no veo la necesidad de instalar otra cambiarla, está va a dejar de existir en algún momento o como es la cosa",4,2025-03-16,0,34,1
Bancolombia,exelente,5,2025-03-15,0,1,1
Bancolombia,Me gusta,5,2025-03-15,0,2,1
Bancolombia,me va a tocar desinstalarla para poder hacer una transferencia ???? en vez de mejorar empeoran las cosas ????,1,2025-03-15,0,19,0
Bancolombia,ok,5,2025-03-15,0,1,1
Bancolombia,excelente app,5,2025-03-15,0,2,1
Bancolombia,Buena,5,2025-03-15,0,1,1
Bancolombia,Excelente,5,2025-03-15,0,1,1
Bancolombia,muy buena,5,2025-03-15,0,2,1
Bancolombia,Excelentes,5,2025-03-15,0,1,1
Bancolombia,Fue muy buena Está aplicacion,5,2025-03-15,0,5,1
Bancolombia,Que porquería de App,1,2025-03-15,0,4,0
Bancolombia,Excelente Bancolombia,5,2025-03-15,0,2,1
Bancolombia,Buena,5,2025-03-14,0,1,1
Bancolombia,Muy buena,4,2025-03-14,0,2,1
Bancolombia,. Feliz viaje al olvidó,5,2025-03-14,0,5,1
Bancolombia,Excelente,5,2025-03-14,0,1,1
Bancolombia,Muy buena,5,2025-03-14,0,2,1
Bancolombia,Cambio APP,5,2025-03-14,0,2,1
Bancolombia,Que aplicación tan mala,1,2025-03-14,0,4,0
Bancolombia,"Fue una gran compañera, veamos cómo nos va en la nueva app.",5,2025-03-14,0,12,1
Bancolombia,Excelente y facil fue usarla,5,2025-03-14,0,5,1
Bancolombia,exelente experiencia,5,2025-03-14,0,2,1
Bancolombia,Me encantaba esta app pero la van a remover.,5,2025-03-14,0,9,1
Bancolombia,Es lo mejor de lo mejor,5,2025-03-14,0,6,1
Bancolombia,Notube problema con esta plicasion,5,2025-03-14,0,5,1
Bancolombia,Le doy 5 estrellas solo porque la nueva es horrible,5,2025-03-14,0,10,1
Bancolombia,Excelente servicio,5,2025-03-13,0,2,1
Bancolombia,Fue buena,5,2025-03-13,0,2,1
Bancolombia,Pésima ni siquiera deja poner el email para abrir la cuenta..,1,2025-03-13,0,11,0
Bancolombia,Buena,4,2025-03-13,0,1,1
Bancolombia,yo la desinstale porque dice que la seguridad de mi celular es mala y la misma aplicación me la cierra,1,2025-03-13,1,20,0
Bancolombia,Excelente 👌,5,2025-03-13,0,2,1
Bancolombia,Con el nuevo app me dice que tiene que cerrar que encontro algo inusual en mi teléfono pero no me dice que es ? Cada vez más complicado Bancolombia,1,2025-03-12,1,29,0
Bancolombia,Excelente,5,2025-03-12,0,1,1
Bancolombia,Excelente,5,2025-03-12,0,1,1
Bancolombia,Ha Sido una experiencia excelente,5,2025-03-12,0,5,1
Bancolombia,Muy rápido el proceso,5,2025-03-12,0,4,1
Bancolombia,Excelente 👌,5,2025-03-12,0,2,1
Rappi,"Un asco, hice un pedido de noche en una tienda, espere bastante (1 hora) debido a que no había repartidores, y resulta que no llegó, se atraso y atrasó, al punto que pasaron 2 horas, 2 HORAAAASSS, para ese punto ya ni necesitaba lo que pedí, y para colmo, ni dejaba cancelar el pedido, espere tres malditas horas y nada. Sería genial poder cancelar el pedido automáticamente después de un tiempo, por qué eso que pasó fue horrible.",1,2026-05-22,0,78,0
Rappi,"Pésimo servicio, mis pedidos tardan hasta 2 horas, cancelan los pedidos, llegan mal, repartidores groseros y se supone que pago la suscripción para tener mejor servicio, pero llegan tarde y resuelven muy poco. A cada rato tengo que hacer reclamaciones porque o falta algo, o llega tarde o me lo cancelan, y son tiendas que están cerca y aun así tardan mucho. También me han estado condicionando las entregas para que llegue más rápido, pidiendo que agregue más propina y no se me hace justo.",1,2026-05-22,0,85,0
Rappi,"No deja cancelar pedidos tan pronto uno lo pide o siquiera cuando no han empezado a hacer la comida en el restaurante. Muy malo el servicio, ni siquiera hay para contactar a un agente para cancelar la orden porque la aplicación no deja. Pésima aplicación.",1,2026-05-22,0,45,0
Rappi,no me permite comprar,1,2026-05-22,0,4,0
Rappi,esta bien,4,2026-05-22,0,2,1
Rappi,no lo se esta opinion me la piden antes de ingresar a la app no opino nada .,5,2026-05-22,0,18,1
Rappi,no funciona,1,2026-05-22,0,2,0
Rappi,"La mong del repartidor nunca llegó con mi pedido, rappi cancelo el servicio, y no me ha devuelto mi dinero, osea ahora sin producto y sin dinero, y trato de comunicarme con soporte y nada. Dudosa aplicación.",1,2026-05-22,0,37,0
Rappi,"trato de contactarme con el número de teléfono que tienen no marca, me obliigan a mandar con correo por 2 cobros que se realizaron en mi cuenta cuando nunca e tenido rappi.",1,2026-05-22,0,32,0
Rappi,"me están decepcionando un montón! te ofrecen 5000 de reintegro en creditos y no se pueden usar en ningún lado, ni te dicen en dónde usarlos... te dan 3 supuestos cupones por pagar una membresía también diciendo que te van a reintegrar plata y estos desaparecen sin más después de usarlo, al quejarte con la máquina lo único que te ofrece es ayuda si fuiste tan vivo de sacarle una captura al codigo del cupón, sino joderte.... que paso rappi?????",2,2026-05-22,0,80,0
Rappi,"pésima experiencia, me cancelaron un pedido y el reembolso se puede demorar hasta 45 días, y como compensación me dieron $900, es una burla de parte de esta aplicación.",1,2026-05-22,0,29,0
Rappi,"El servicio ha ido cayendo cada vez más soy usuario de rappi pro incluso y la asistencia al cliente es pésima te derivan a una opción que ni hay en su aplicación y te cierran la conversación, después intento volver a reclamar pero te bloquean la opción diciéndote que hay una conversación aún abierta dejándote sin poder hacer nada hice un pedido ayer y me llega apenas hoy intente cancelar y me querían cobrar una tarifa de servicio por algo que ni llegaba aún",1,2026-05-22,0,84,0
Rappi,"Buena hay pero siempre tengo créditos pero no puedo usarlos, siempre dice que son oara ciertas tiendas, por que no ponen el nombre de la tienda con los créditos",2,2026-05-22,0,29,0
Rappi,de todas las apps es la peor 👎 deja de tener disponibilidad a temprana hora y comienza a tenerla muy tarde... es la app de delivery que mas infla los precios y tambien la que mas se tarda en llegar. un verdadero asco.,1,2026-05-22,0,43,0
Rappi,"son unos soretes, no tienen ni un poco de atención al público y sobre todo unos ignorantes",1,2026-05-22,0,17,0
Rappi,Excelente,5,2026-05-22,0,1,1
Rappi,"no recomiendo mucho la aplicación, porque no me deja pagar en efectivo y soy pro y no puedo realizar ninguna compra",1,2026-05-22,0,21,0
Rappi,"desastre, un asco de aplicación y el soporte aún más inutil",1,2026-05-22,0,11,0
Rappi,mala,1,2026-05-22,0,1,0
Rappi,"NO SIRVE SU ATENCION AL CLIENTE DESDE LA APP, NO APARECE NADA EN SUS CHATS SOLO SE QUEDA LA PANTALLA EN. LANCO Y SE MUESTRA SOLO. Y A LAS TIENDAS RAPPI LES METE PROMOCIONES NO AUTORIZADAS POR LAS TIENDAS.",1,2026-05-22,0,39,0
Rappi,"tengo muchos ya varios años como cliente frecuente de la app, sin embargo hoy ha sido la peor experiencia que he tenido en una compra, hice un pedido a Burger King a las 19:49 horas y ahora las 22 hrs me sigue apareciendo que el repartidor se quedó en el establecimiento, y que esta tardando mas de lo normal en llegar, pero ya son casi 3 horas que hice la compra, mediante el uso de PayPal, y claro, que no puedo hacer nada mas que intentar que el repartidor conteste algunas de mis 9 llamadas",1,2026-05-22,0,95,0
Rappi,9 p.m.,5,2026-05-22,0,2,1
Rappi,uwu,5,2026-05-22,0,1,1
Rappi,"siempre pasa lo mismo, está app es la peor de todas, para que hablar de los retrasos en los pedidos, el deliveri que no responde y la devolución de la plata se tarda mucho. no es primera vez que tengo lidiar con el cero profesionalismo de los que están a cargo rappy.",1,2026-05-22,0,52,0
Rappi,La app rappi hace su buen trabajo y la recomiendo.,5,2026-05-22,0,10,1
Rappi,"buena app, falta que llegue turbo a san Juan",5,2026-05-22,0,9,1
Rappi,"Me encantaba comprar en Rappi, pero ocurrió un problema en el cual no tuve la culpa y el soporte solo me respondió con ninguna solución. fue un placer.",1,2026-05-22,0,28,0
Rappi,"Ahora le muestran al repartidor la propina, eso es opcional y no debería de afectar si el repartidor quiere entregar o no. las cancelaciones de repartidores ha subido desde que al H gerente de esa empresa se le ocurrió",1,2026-05-22,0,39,0
Rappi,"la copia de pedidos, la uso como backup de allí sirve para lo justo",2,2026-05-22,0,14,0
Rappi,voy a desinstalar la aplicación porque no me solucionaron nada entre las páginas de servicio al cliente te atiende una computadora o un robot nunca tiene un asesor y no te ayudan en nada aún así me hicieron el cargo de algo que yo pagué que yo consumí me hicieron un cargo por 547 algo que ya había pagado en efectivo y me cancelaron para chingarme todo iba bien hasta que pasó eso y no te ayudan en nada ni hay soporte ni hay nada,1,2026-05-22,0,85,0
Rappi,buen servicio,5,2026-05-22,0,2,1
Rappi,"Es un desastre, no tenes respaldo ninguno. No te reembolsan el dinero si tenes inconvenientes, basicamente es un manejate constante. Pedidos ya está 1000 veces arriba.",1,2026-05-22,0,26,0
Rappi,la verdad que un desastre la app. pedí en una dirección donde siempre hago llegar mis pedidos y al delivery lo mando a otro lado y a la hora del reclamo nadie se hace cargo de la plata que ya debitaron. técnicos pongan pilas con el mapa por qué van a perder clientes y aprendan a no quedarse con plata ajena que en argentina ya bastante difícil la tenemos como para eh también apps no se hagan cargo de que tienen las cosas mal hechas.,1,2026-05-22,0,85,0
Rappi,excelente,5,2026-05-22,0,1,1
Rappi,muy buena,5,2026-05-22,0,2,1
Rappi,"La verdad pésima, se hizo un pedido hace 24hs el cual jamas llego, al estar con tarjeta me lo descontaron y siguen sin hacerse cargo. Incluso en la aplicación aparece que el pedido sigue en camino, insisto ya habiendo pasado 24hs.",1,2026-05-21,0,41,0
Rappi,Desastre está app,1,2026-05-21,0,3,0
Rappi,"No había tenido ningún tema con la app anteriormente pero hoy realice un pedido y el repartidor me cobro de más que porque a el así le aparecía en su app llevo desde las 12 26 tratando de comunicarme con soporte y sigo esperando, de verdad una gran decepción.",1,2026-05-21,0,49,0
Rappi,sí,2,2026-05-21,0,1,0
Rappi,es basura de aplicación hago mi pedido le digo que voy a pagar con efectivo y el me dice yape me cancela el pedido y ahora tengo una deuda por culpa del motorizado una basura.,1,2026-05-21,0,35,0
Rappi,Antes eras bueno Rappi. Ya vas en caida libre. Nada que hacer.,1,2026-05-21,0,12,0
Rappi,"los repartidores son ladrones, nunca llegan o llegan a donde quiere y ponen que uno fue quien no quiso recibir el pepido y la aplicación no da respuesta solo le pone multa a los usuarios cuando son los repartidores quienes no cumplen con su trabajo",1,2026-05-21,0,45,0
Rappi,tarda mucho en llegar los pedidos,1,2026-05-21,0,6,0
Rappi,Horrible no llego el pedido y no me quisieron devolver el dinero.,1,2026-05-21,0,12,0
Rappi,"todo bien hasta que que la tienda o la repartidora cambio mis productos y me pusieron pago que no era mio , pesimo servicio y atencion alncliente.",1,2026-05-21,0,27,0
Rappi,"NUNCA PUDE AGREGAR MI METODO DE PAGO Y TAMPOCO FUERON DE MUCHA AYUDA , LA PEOR ATENCION QUE ME HAN BRINDADO .",1,2026-05-21,0,22,0
Rappi,muy rapido,5,2026-05-21,0,2,1
Rappi,"Cuando pongo la opción de ""entrega sin prisas"" de todas formas hacen ese cobro.",2,2026-05-21,0,14,0
Rappi,aplicación botona avisa si no dejaste propina,1,2026-05-21,0,7,0
Rappi,Falla demasiado la sección de promos y cupones; pésimo servicio al cliente. Todo mal.,1,2026-05-21,0,14,0
Rappi,excelente,5,2026-05-21,0,1,1
Rappi,"demasiadas notificaciones de ads que me contacte yo con ustedes? ni que fuera su empleado y ni que me interesará su app. ya lo dije, demasiadas notificaciones, es spam. voy a ver si puedo reportar esta app como spam edit: listo reportada por hacer spam de ads y ads hostiles",1,2026-05-21,0,50,0
Rappi,me parece la mejor app de deliveri llegan a la puerta de tu casa en minutos,4,2026-05-21,0,16,1
Rappi,Ojalá que los motoristas tuvieran más tolerancia con la espera se ponen a veces malcriados y una vez le tiraron la comida a una vecina,5,2026-05-21,0,25,1
Rappi,mucha propanada de mrd que hay,1,2026-05-21,0,6,0
Rappi,"horrible, hacen promociones con tarjetas de crédito con un 40% de descuento, cuando la quieres usar no puedes porque dan 100 clp de descuento en el despacho y no puedes hacer descuento sobre descuento.",1,2026-05-21,0,34,0
Rappi,"Soy usuario Rappi Pro Black y considero que la atención brindada en este caso ha sido deficiente, además de que llevo más de 3 días sin respuesta efectiva por WhatsApp. update no sirve de nada el link mandé mensajes por whats correos ninguna respuesta",1,2026-05-21,0,44,0
Rappi,"La app funciona pésimo. Algunos repartidores son groseros, no saben elegir los productos en el supermercado, tampoco preguntan si un cambio está correcto o no. El chat con los repartidores no funciona, o les llegan tarde los mensajes o no los ven. La app toma decisiones por uno y luego no deja que uno rectifique antes de pagar. Y luego cuando uno pide reembolso por sus errores, le pagan apenas 1/3 del monto que debía ser. Muy descontenta.",1,2026-05-21,0,78,0
Rappi,"la verdad van de mal en peor antes eran buenos pero ya con el tipo de domiciliarios que tienen ya es la embarrada, uno hace un pedido y el cobro del domicilio está entre los 6 y 8 mil pesos y si uno no les da una propina por encima de 5000 no aceptan el domicilio ya van varias veces la misma cosa de verdad lo peor",1,2026-05-21,0,67,0
Rappi,"soporte ya no existe, cobran sin motivo de una cuenta personal y no realizan devoluciones, básicamente te roban",1,2026-05-21,0,18,0
Rappi,- 21/05/26 mandé a comprar pero me hicieron espera 2 horas !! y querían cancelar sin devolverme mi dinero es una barbaridad - no quiero fallabela quiero pedir !!!! NO QUIERO FALLABELA QUIERO PEDIR Y ME TAPA LA PANTALLA SIN PODER USARLO,1,2026-05-21,0,42,0
Rappi,"nunca llego mi pedido y disque si ya había llegado la ubicación mando a otro sitio, escribí al restaurante y hasta a rappi y nadie me da solución de que si me van a dar el pedido o la devolución y no tengo respuesta, no recomiendo esta app es un fraude y no te dan una solución al problema del pedido",1,2026-05-21,0,61,0
Rappi,me gustaria que den mas credito mensual xq yo compro muchas cosas todos los dias ....... y qeu hayga ropas de bebs y otras cosad mas .,1,2026-05-21,0,27,0
Rappi,loco,1,2026-05-21,0,1,0
Rappi,Pésimo aplicación y servicio. Consideraré volver a usarla cuando quiera que una pizza de Little Ceasers me llegué en 2 horas.,1,2026-05-21,0,21,0
Rappi,me ponían un precio y al final era otro,1,2026-05-21,0,9,0
Rappi,lo mejor para el mejor,5,2026-05-21,0,5,1
Rappi,"Hice un pedido y nunca se entregó. Cuando fui a soporte, me cerraron el chat y no me escucharon. La app deja que te estafen y no hace nada por ayudar.",1,2026-05-21,0,31,0
Rappi,Horrible,1,2026-05-21,0,1,0
Rappi,no lo recomiendo te hacen cobros sin tu autorización una vez que vinculas tu tarjeta para hacer algun pago. luego no te deja eliminarla y te siguen haciendo cobros a media noche,1,2026-05-21,0,32,0
Rappi,"pésimo servicio siempre tardaban los rappi más de lo que marcaba la aplicación la gota que derramó el vaso fue un pedido que tardo más de una hora y llegó dañado, no me resolvieron nada, pésima aplicación",1,2026-05-21,0,37,0
Rappi,AUN NO ME DEVUELVEN EL DINERO. 2 MESES Y NADA!!!,1,2026-05-21,0,10,0
Rappi,los repartidores se roban la comida y la app se demora un siglo en devolver el dinero.,1,2026-05-21,0,17,0
Rappi,Bien,5,2026-05-21,0,1,1
Rappi,Buena,4,2026-05-21,0,1,1
Rappi,Muy caro el servicio,1,2026-05-21,0,4,0
Rappi,Soy rappy,5,2026-05-21,0,2,1
Rappi,"No me permite iniciar sesión ni con el correo, ni con el teléfono.",1,2026-05-21,0,13,0
Rappi,"pésima aplicación, vendiendo con publicidad engañosa, es una estafa. la respuesta que da el personal de rappi, es incoherente con la queja. Es importante escalar estos casos, para que aplicaciones como estás no sigan haciendo de las suyas.",1,2026-05-21,3,38,0
Rappi,Bien,5,2026-05-21,0,1,1
Rappi,"hice dos pedidos y los dos me los mandaron mal, me reembolsan parcial cuando es culpa del repartidor y la tienda por no tener producto, aaaa pero a mí sí me quitan dinero , vaya estafa",1,2026-05-21,0,36,0
Rappi,"al inicio usaba mucho rappi luego comenzo a empeorar .. antes turbo era para pedido rápidos . ahora ya dicen 20 minutos luego llegan después de tiempo acordado, de turbo no tiene nada en si ... algunos pedidos mios ni llegaba se los quedaba el repartidor .. y algunos se demoraban demsiado 2 horas o hasta 3 horas ... tenía que mandar mensaje a la opción. de ayuda constantemente...",1,2026-05-21,0,69,0
Rappi,"Naaa un desastre, mis últimos pedidos con más de 5 repartidores que cancelaron, me cambian la hora aplazandola muchísimo, no dan solución. Soporte ni ayuda nada, se limpian las manos, un fiasco está APP.",1,2026-05-20,0,34,0
Rappi,es un asco el soporte me hicieron que pagará un pedido para que se lo quedará el conductor y me quedé sin dinero y sin comida,1,2026-05-20,0,26,0
Rappi,"el repartidor no recogió mi pedido y el restaurante y el repartidor marcaron que si lo recogieron, cuando llegó a mi domicilio dice que no se lo entregaron y se fue sin yo darle mi código de entrega, pésimo servicio ya que no cuenta con un botón de atención al cliente",1,2026-05-20,0,51,0
Rappi,buena,5,2026-05-20,0,1,1
Rappi,"tras que toca pagar membresía por envíos, cobran tarifa de servicio y sino fuera suficiente, cobran tarifa extendida. prácticamente pagas una membresía por la cual terminas pagando más en los envíos.",2,2026-05-20,0,31,0
Rappi,"Los precios estan mal. En un pedido de 7 cosas, solo 1 producto tuvo el precio real. Aparte que le aumentan el precio a los productos en la app, cobran el ""servicio"" y envío... De acuerdo al ticket de mi compra ($207.50) mas los $10 de envío y los $24.90 de ""servicio"" da un total de $242.40 y en la app el total que salía fue de $275. Ponen precios como les da su gana, pésimo servicio. Hoy me di cuenta de eso, quien sabe cuanto tiempo llevan abusando de la gente 🙄",1,2026-05-20,1,93,0
Rappi,sinceramente son unos estafadores,1,2026-05-20,0,4,0
Rappi,Luis buena,5,2026-05-20,0,2,1
Rappi,muy ricas y llenadoras buen precio,5,2026-05-20,0,6,1
Rappi,"No respetan los precios de las promociones, son excesivas sus tarifas. Es imposible contactar con un asesor durante un pedido activo. Deja mucho que desear su atención a clientes.",1,2026-05-20,2,29,0
Rappi,"inició bien la aplicación y fue bueno que pudieran regalar rappicreditos pero en los últimos días regalar un 80 rap y créditos pero solo se pueden utilizar en ciertas tiendas y en ciertas secciones pero no dicen en cuáles he intentado en restaurantes y supermercados para intentar usarlo si no me deja y no sé en qué tiendas puedo utilizar los rappicreditos que me dan, de qué termina sirviendo los 80 rappicreditos y no los puedo utilizar?",2,2026-05-20,0,77,0
Rappi,"mi hermana hizo un pedido a sarku con una cuenta de más de 80k y el rappi se lo robo, no quisieron responder y solo por el hecho de que el rappi tomó una foto junto a la placa de dirección del conjunto, marco como ""entregado"". Llevamos SEMANAS intentando que se solucione y nada",1,2026-05-20,0,54,0
Rappi,primera vez q descargo la apps y será primera vez q solicite,5,2026-05-20,0,12,1
Rappi,genial,5,2026-05-20,0,1,1
Rappi,SON UNOS LADRONES ! ME COBRARON UN PEDIDO QUE CANCELARON INMEDIATAMENTE Y ENCIMA NO ME HACEN EL REINTEGRO !!! MAS DE 1 SEMANA Y CUANDO LES ESCRIBO CIERRAN EL RECLAMO!!!! LADRONES !!!!,1,2026-05-20,0,32,0
Rappi,hola estoy triste porque no me pagaron del incentivo de 60 pedidos,1,2026-05-20,0,12,0
Rappi,"su tarifa de servicio es un escándalo, muy caro y eso que tengo el servicio pro",1,2026-05-20,0,16,0
Rappi,No me deja agregar el método de pago (TDD) y comunicarse con soporte es imposible 🙄,1,2026-05-20,0,16,0
Rappi,Personal que se roba el cambio y rappy no responde nunca,1,2026-05-20,0,11,0
Rappi,muy buena opción para no moverte de casa,5,2026-05-20,0,8,1
Rappi,inseguridad piden en mi nombre y yo no e pedido nada,1,2026-05-20,0,11,0
Rappi,Detestable servicio,1,2026-05-20,0,2,0
Rappi,bien,5,2026-05-20,0,1,1
Rappi,malisima,1,2026-05-20,0,1,0
Rappi,"que mala app para domicilios por más que las tiendas te tengan ya el pedido nunca coge domiciliario más de 2 veces me a tocado contactarme con la tienda para pedir un domicilio por aparte pueden pasar 3 horas y la app te dice que tu pedido aún está a tiempo no te deja cancelar la atención al cliente o soporte técnico es pésima no puedes preguntar nada, dejen me cancelar el pedido porfavoooooor!!!",1,2026-05-20,0,74,0
Rappi,""" 50k pa' mí y 50k pa' ud' """,5,2026-05-20,0,9,1
Rappi,ÚLTIMAMENTE HE TENIDO LA EXPERIENCIA DE PEDIR UN DOMICILIO EN LA APP Y PARA MÍ HA SIDO UNA DE LAS MÁS DESAGRADABLES DE 5 DOMICILIOS SOLAMENTE ME HAN LLEGADO 2 YA QUE LOS DICEN EN PREPARACIÓN O QUE EL DOMICILIARIO YA ESTÁ EN LA TIENDA LO CUAL PASA EL TIEMPO Y CUANDO MENOS PIENSAS RESULTA CANCELADO EL SERVICIO DISQUE POR ERRORES TÉCNICOS DEFINITIVAMENTE NI PARA LOS DOMICILIOS CERCANOS FUERA DE ESO UNA MEMBRESÍA DIGAMOS UN POCO MÁS COSTOSA PARA ESE SERVICIO TAN CHAFA QUÉ OFRECEN,1,2026-05-20,0,85,0
Rappi,"Intencionalmente te hacen imposible contactar con una persona de soporte, además ofrecen promociones y cupones a cuyos terminos y condiciones no se puede acceder y despues nunca se entiende por qué no aplicó. Ya me acordé por qué no la usaba :) no la recomiendo, no es confiable.",1,2026-05-20,0,48,0
Rappi,"Pésima aplicación, nisiquiera cuentan con servicio al cliente o con alguien para poder hablar en persona. Me pusieron de tiempo estimado desde las 6 y tanto, luego me fueron aumentando el tiempo estimado y así hasta que se hizo de noche, me cancelaron el pedido porque no me pudieron dar ninguna solución, ahora dicen que mi reembolso me llegará después de 15 días cuando se supone que me dijeron que me lo darían inmediatamente, exijo porfavor que me den mi dinero ya!",1,2026-05-20,0,82,0
Rappi,"Antes te dejaba seleccionar que sucursal del restaurante querías para tu pedido, ahora solo te deja ver 1 opción que comúnmente es la más lejana y por lo tanto cobran más envío",1,2026-05-20,0,32,0
Rappi,pésima aplicación,1,2026-05-20,0,2,0
Rappi,"Definitivamente pésimo, hice un pedido a dos cuadras de mi casa, tienes un aproximado para llegar entre las 6:45 a 6:50, pero conforme iba pasando la hora se iba adelantando más y más, hasta que me querían entregar el pedido a las 9:30, lo peor esq ni siquiera estaba preparado el pedido, y cuando hice mi cancelación del pedido y exigir mi reembolso, no me reembolsaron, dijeron que se iban a cobrar un 90% de lo que pagué, cuando el pedido ni siquiera estaba preparado!!!!! No usen esta aplicación.",1,2026-05-20,0,89,0
Rappi,genio,5,2026-05-19,0,1,1
Rappi,me gusta 😌,4,2026-05-19,0,3,1
Rappi,"horrible hice un pedido y se demoraron 3 horas en traerlo y no me dejaban cancelarlo porque ""estaba en tiempo"" necesita urgentemente otro sistema en el cual se pueda hablar con una persona",1,2026-05-19,0,33,0
Rappi,la peor aplicación disque descuentos y cobran mucho ay no,1,2026-05-19,0,10,0
Rappi,"Otra vez una mala experiencia. Pésima aplicación, pésimos repartidores y pésimo servicio al cliente. No hay manera de contactarlos...",1,2026-05-19,0,19,0
Rappi,Llevo bastante tiempo con la tarjeta de débito y a cada rato no se pudo realizar el pago,1,2026-05-19,0,18,0
Rappi,"ya no permite el chat para problemas con repartidor, no pude reportar un repartidor que fue grosero porque el queria recibiera otro producto que no pedi",2,2026-05-19,0,26,0
Rappi,10/10 y good :)),5,2026-05-19,0,4,1
Rappi,excelente..me sorprendió lo fácil que pude pedir .,5,2026-05-19,0,8,1
Rappi,"edit: Tampoco sirve enviar el problema al mail que te dejan, básicamente no te solucionan nadaPESIMO Les recomiendo PedidosYa, esta app no tiene buen sistema de soporte, ya que nunca te permite hablar con algun operador y mayormente tiene inconsistencias las cuales ""el centro de ayuda"" no te resuelve nada. Este fue mi último mes como RappiPro, un gasto que no recomiendo ya que las ofertas y cupones que te dan, muchas veces no se adaptan a tu domicilio. Sinceramente me llevé muy mala experiencia.",1,2026-05-19,0,85,0
Rappi,"Iniciaron sesión en mi cuenta sin que haya sido yo, y tuvieron acceso a mis cuentas bancarias, a mí me cerraron la sesión en mis dispositivos e intentando contactar a soporte me cierran los chats",1,2026-05-19,0,35,0
Rappi,Increíble,5,2026-05-19,0,1,1
Rappi,me cobraron 1900 pesos de mas. no la recomiendo. y ademas te saca plata no acordada para propina cuando claramente específicas que no queres poner propina .NO LE PONGO 0 ESTRELLAS PORQUE NO ESTA LA OPCION,1,2026-05-19,0,36,0
Rappi,no cumplen sus propias normas,1,2026-05-19,0,5,0
Rappi,"me gustaría que los canales de ayuda, soporte sean más accesibles, me pasó que el repartidor dejó mi pedido en la reja marco como que lo entregó y luego se lo llevó, rappi no me reembolsa, Y encima no puedo hablar con nadie , esto es increíble",1,2026-05-19,0,47,0
Rappi,Siempre te engaña poniendo tiempos más rápidos que nunca cumple,1,2026-05-19,0,10,0
Rappi,demasiados comerciales que estorban al querer hacer una consulta o transacción EXAGERADO DE VERDAD,1,2026-05-19,0,14,0
Rappi,"me cobró mas por propina que de domicilio y servicio, usureros que solo quieren ganar más y pagar miserias a los domiciliarios, nos recargan todo ese dinero a nosotros. No me deja cambiar el valor de la propina y quiere que le 10 al rappi?????? mientras ellos le pagan 2.",1,2026-05-19,0,50,0
Rappi,"Pésima, el servicio es muy malo y nadie responde",1,2026-05-19,0,9,0
Rappi,Un buen servicio,5,2026-05-19,0,3,1
Rappi,me estafo un rappi tendero con el método de pago y nunca me brindaron ayuda,1,2026-05-19,0,15,0
Rappi,no me descarga,1,2026-05-19,0,3,0
Rappi,"pésima experiencia, me robaron el super que pedí, según el repartidor dejo mis cosas en un lugar seguro y es mentira, revise las camaras, no me dejo mis cosas se las llevé,metí aclaración y que por el momento no me pueden reembolsar osea que chingones, me roban mi super y todavía pague. necesito una solución, yo tengo los videos de la cámara donde se ve claramente que el repartidor no dejo mi super de verdad pésima atención a clientes en rappi quise hablar directamente con uno y no se puede",1,2026-05-19,0,90,0
Rappi,para cuándo rd,2,2026-05-19,0,3,0
Rappi,"la app presenta fallas constantes. He reinstalado, actualizado y seguido todas las indicaciones de soporte, pero sigo sin poder acceder a mi bóveda ni solicitar mi tarjeta física Rappicard. El servicio al cliente solo repite pasos básicos y no ofrece una solución real. Da la impresión de que no cuentan con personal capacitado para resolver problemas técnicos de la app. Estoy cansada de enviar videos y que repitan las mismas inútiles soluciones.",1,2026-05-19,0,72,0
Rappi,"Muy mala experiencia, pedi de un super no habia de ese producto, entonces marque un sustituto, y ahi se marcaron como 12 dek mismo trate de eliminar no me dejo , hable con el repartidos tampoco podia hacer nada , porque el monto eran 45mil que no tenia en ese momento porque el pedido que yo habia hecho era de 16mil , e intente contactar con el soporte de ayuda, no me dio ninguna solución y termino el chat , asi sin mas.",1,2026-05-19,0,83,0
Rappi,"Desagradable propaganda que te obliga a ser premium, no permite subir imagen porque sale la propaganda y no deja hacer nada más hasta que se acepte ser premium",1,2026-05-19,0,28,0
Rappi,ok,5,2026-05-19,0,1,1
Rappi,"Terrible ! Rsppi últimamente da Una Hora de entrega y la va extendiendo Poco a Poco , ayer hice un pedido Por Rappi y demoró dos horas al final me dejaron cancelarlo. Muy Muy Mal Ya en Varias ocasiones pasa así.",1,2026-05-19,0,41,0
Rappi,siempre se pone propinas de 500 sin que yo lo ponga y encima no le llega al repartidor,1,2026-05-19,0,18,0
Rappi,tengan cuidado con esta app y sus cobros porque roban plata,1,2026-05-19,0,11,0
Rappi,cobran servicios no contratados,1,2026-05-19,0,4,0
Rappi,el servicio,5,2026-05-19,0,2,1
Rappi,excelente,4,2026-05-19,0,1,1
Rappi,vacan,5,2026-05-19,0,1,1
Rappi,Excelente seguridad en los pedidos,5,2026-05-19,0,5,1
Rappi,mala,1,2026-05-19,0,1,0
Rappi,"Ahora no puedo comprar nada porque según ellos no tengo restaurantes cerca, hace unos años si podia pedie con normalidad, basura de aplicacion lo que hacen es perder clientes.",1,2026-05-19,0,29,0
Rappi,"“En general la app de Uber Eats funciona bien, pero el problema es que muchos restaurantes no aceptan o retrasan los pedidos. Da la impresión de que no les conviene atenderlos porque para cocina y meseros es trabajo extra como atender una mesa, pero sin propina o beneficio directo. Esto hace que varios pedidos tarden demasiado o incluso se cancelen, lo cual afecta mucho la experiencia del usuario. Ojalá hubiera una mejor coordinación o incentivos para que los restaurantes atiendan los pedidos de",5,2026-05-19,44,83,1
Rappi,"El repartidor se puso grosero conmigo, llegó a otra hora, mintió que estaba al bajar mi pedido, llego a 2 minutos de terminar, me culpó porque no estaba, cuando no vi a nadie y que tenia otros pedidos, me atacó verbalmente, no me dejó recibir mi comida y dijo que cancele, volví a mi casa y la dejó en el suelo en la entrada, tiene 4.9 estrellas y no lo parece y no me quieren dar reembolso, ya puse 1 estrella ahí y ahora aquí por contratar gente asi, donde esta el libro de reclamaciones",1,2026-05-19,0,95,0
Rappi,pésimo demoró más de 3 horas y nunca llegó el pedido. tuve que anular el pedido y la devolución del dinero tarda de 10 a 15 días.,1,2026-05-19,0,27,0
Rappi,"Apenas intenté instalar la app y después de tanto proceso, me sale con la tontería de que debía verificar con un número antiguo al que ya no tenía acceso. intenté registrarme con otro correo y me salta un error. O sea, puedo entender el problema con los dos pasos para un correo registrado, pero por qué carajos da problemas si intento hacer un registro con otro correo en un número nuevo. 😓 Mucho problema. Ya desinstale.",1,2026-05-19,0,76,0
Rappi,"últimamente anda pésimo el servicio, los repartidores están también... muy incumplidores y se roban la mercadería. desinstalado por el pésimo servicio de los últimos 2 meses",1,2026-05-19,0,26,0
Rappi,"pésimo servicio al cliente, no repone el dinero y no hay forma de como discutirlo, tiempos de entrega muy demorados en ocasiones hasta más de 2 horas",1,2026-05-19,0,27,0
Rappi,"una auténtica garcha, siempre te atrasan el horario de llegada del pedido no te dejan cancelar el pedido cuando ya pasa más de una hora cuando según la app entre 15-30 min te tendría que llegar el pedido y si querés reembolsar tenés que esperar entre 10-15 días para que te devuelvan la plata una vergüenza",1,2026-05-19,0,56,0
Rappi,"La verdad, es impresionante como ya no les importa está aplicación, cada día es una nueva travesía para pedir comida y que no te llegue y aún así la gente no haga nada al respecto",1,2026-05-19,0,35,0
Rappi,"El servicio de soporte es una basura, el bot de ayuda no comprende y no hay atención al cliente disponible o de fácil acceso 😤",2,2026-05-19,1,25,0
Rappi,buena,5,2026-05-19,0,1,1
Rappi,"hice un pedido y el repartidor supuestamente estaba en el lugar y no estaba, me intenté comunicar con el repartidor y no lo logré, no quieren hacer reembolso, argumentando que nunca me contacté cuando se tienen pruebas de que me contacté en el tiempo que ellos mismos establecen, y no obtuve respuesta del repartidor, pongo la queja a soporte y dicen que no hay reembolso porque supuestamente no me contacté con él repartidor a pesar de tener las pruebas de que si lo hice. Ladrones",1,2026-05-19,0,85,0
Rappi,Nunca encuentra repartidor y siempre aparece con alta demanda aún hoy lunes 5pm. Tarda mas tiempo del señalado cuando se acepta el pedido y a veces esperas dos horas y no entregan!,1,2026-05-19,0,32,0
Rappi,apurense,1,2026-05-19,0,1,0
Rappi,"Yo no puedo creer lo INÚTILES que son. Pago por rappi pro y uso los cupones que me dan? USTEDES NO APLICAN LOS CUPONES CUANDO SE TRATA DE REINTEGRO, el soporte no ayuda y te dan mil vueltas para al final decirte ""mandanos un ticket o prueba de que lo usaste"" CUANDO NO HAY MANERA DE QUE YO PUEDA HACERLO, NO HAY ESE TIPO DE APARTADO Si pudiera le daría 0, porque ustedes no se merecen otra cosa, horrible aplicación y horrible trato de solucionar los problemas que ustedes mismos crean",1,2026-05-19,0,91,0
Rappi,"Yo usaba esta app y era buena hasta el día de hoy. Le pedí a la repartidora si podía esperarme 10 minutos más me dijo que lo haría si le pagase 4 soles más (me paso un número), al no yapearle se fue cancelando mi pedido. Pensé que se podía reenviar nuevamente el pedido con un costo extra (no tengo problema con eso). Pero la app no me lo permite. Busco la forma de hacer un reenvío, pero los de atc por Whatsapp me piden codigo del pedido, pero no me figura ningún código.Dejándome con la deuda.",1,2026-05-19,0,97,0
Rappi,Realizan Spam vía WhatsApp sin autorización ofrecíendo tarjetas de crédito,1,2026-05-18,0,10,0
Rappi,recomendado,5,2026-05-18,0,1,1
Rappi,"En Amazon me apareció una promoción que tiene que ver con rappi, decidí usarlo en vez de otra aplicación de comida. Que mala decisión!! Lo pedí a la 4:12 pm, son más 5:14pm y me dice que va a llegar a las 5:50!!! No lo recomiendo y me quejaré con Amazon por hacerme caer en esta terrible experiencia.",1,2026-05-18,0,58,0
Rappi,"Hoy hice un pedido de estampas del mundial y no me habian dicho la app q se habia agotado, el repartudorme trajo otra cosa y estoy molesto por q yo ya no queria otro album, la peor app",1,2026-05-18,0,38,0
Rappi,"No hay derechos de consumidor, eh echo varios reclamos bastante justificativos como empanadas viejas y ácidas, producto quemado o producto faltante y cuando hago el reclamo solo aparece ""lamentamos que no hayas tenido una buena experiencia"" una pérdida de dinero total.",1,2026-05-18,0,41,0
Rappi,"no sé por qué vuelvo a caer, hice un pedido pagando la entrega más rápida, entro a verificar y no tiene asignado el domiciliario, la aplicación vilmente, aún cuando he pagado más para recibir el pedido más rápido, me pide darle más propina al repartidor, inaudito en verdad, la empresa parece la dirigen los repartidores y tienen más control que cualquier otro en rappi.",1,2026-05-18,0,64,0
Rappi,"Pague por un café de un tamaño grande, me trajeron uno de menor tamaño, levanté la aclaración y no procedió por ""Sospecha de mal uso de aplicación"", aún con toda la evidencia. Me es imposible comunicarme con una persona para solucionarlo.",1,2026-05-18,0,41,0
Rappi,"Te regalan rappi créditos después de pagar RappiPro, pero se niegan a ponerte en la aplicación para que tiendas se pueden usar. Pésima atención al cliente básicamente inexistente, tendrían que ponerle su denuncia para poder hablar con un humano. Mejor usen pedidos ya. Actualización: al final después de un reclamo que hice el viernes, me respondieron hoy lunes que solo puedo usar mis creditos en tiendas que no hay en mi ciudad. Al menos respondieron y por eso les subo una estrella.",2,2026-05-18,0,82,0
Rappi,va bien 💫,5,2026-05-18,0,3,1
Rappi,"NO la descarguen, el soporte es nefasto. Hice una compra que duró 1 hors y media en ""llegar"" llega incompleta, gasto tiempo en soporte y me devuelven menos de lo que era, me dan el reembolson total tras mas perdedera de tiempo y LUEGO ni compensación me dieron. 2026 actualizo: pedi un kfc 8 piezas el domi me extorsionó por propina, no le di pues ya tenia envio rapido y pa la gaseosa. Me saca 1 pieza y 1 arepa. pido ayuda por que tengo camaras, no hacen nada. Ojala llegue otra app mejor.",1,2026-05-18,0,94,0
Rappi,"no entiendo para q te hacen elegir un producto q reemplace el principal si ni le paran... si coloque un producto de reemplazo para q me vas a preguntar si pueden enviarme ese porque no hay el otro... le hacen perder tiempo a uno... estaba en una reunión y no podía responder la estupidez q preguntaban, que ya era obvia, fue mas fácil no enviarme nada, ni siquiera el producto de reemplazo y cobrarme un montón por un solo articulo de los 3 qué había pedido, son de lo peor de verdad",1,2026-05-18,0,92,0
Rappi,"no se fijan quien trabaja con ellos, un familiar hizo un pedido y el repartidor termino sin entregarlo, la aplicación no tiene un procedimiento justo para resolver estos casos. al final no pudo pedir reembolso ni tener otra solución",1,2026-05-18,0,39,0
Rappi,La mejor aplicación de comidas,5,2026-05-18,0,5,1
Rappi,"Pésimo, llevo 1 hora esperando mi pedido y me siguen diciendo que la hora de mi pedido cambió, ahora me dice que tengo que esperar otra hora más, porque según hay alta demanda en el local y no hay rappi asignado. Me piden subir la propina para ""hacer visible mi pedido"". Es un asco",1,2026-05-18,0,54,0
Rappi,conociendonos ☆,5,2026-05-18,0,2,1
Rappi,super penca las soluciones y la forma de resolver los problemas me cagaron con 8luka y no me quieren reembolsar y un dia pedi papas y una salsa extras y llego sin las salsas y puse una denuncia y no me solucionaron nada,1,2026-05-18,0,43,0
Rappi,me encantaa,5,2026-05-18,0,2,1
Rappi,"Horrible en la máxima extensión de la palabra, no tienen control de la gente que contratan para llevar pedidos, SON RATEROS y no se hacen cargo",1,2026-05-18,0,26,0
Rappi,"El 27 de Marzo hice un pedido pero marco que fue cancelado debido a que el repartidor supuestamente estuvo esperando en la dirección indicada y no me lograron contactar pero yo tengo la evidencia de mi comida llego y le pague al repartidor ,pero no me respondieron nunca a mi petición además ya me hicieron el cobro a mi tarjeta a un pedido que ya había pagado.",1,2026-05-18,0,67,0
Rappi,tengo un Xiaomi redmi 15 pro plus y simplemente no abre el app,1,2026-05-18,0,13,0
Rappi,"Realicé 1 pedido, minutos después la tienda lo cancela, dicen que me realizaran el reembolso y nunca llega, después de semanas voy a ver el detalle de reembolso en el pedido y la app falla, lo intento de nuevo en distintos dias, distintas horas, simplemente no me deja acceder a mi reembolso 🤮",1,2026-05-18,0,53,0
Rappi,"Horrible, no me aparece los restaurantes, cuando intento pedir disque no hay cobertura y antes podia comprar normal, y vivo en una ciudad que no es grande, es pequeña, aparte no me quiere mostrar los restaurantes disque por un error que llevo viendo hace meses, y busco restaurantes y me muestra disque error no hay restaurantes, sabiendo que en Internet aparece que está abierto, pésima aplicación, horrible y aparte esa suscripción de 25000 pesos al mes solo para ahorrar 2500 pesos y ya",1,2026-05-18,0,83,0
Rappi,"tengo como un mes con un problema, dejo de aceptar mis tarjetas Carnet, me pide verificar pero al hacerlo en la app me arroja un error y soporte parece estar perdido, van al menos 5 veces que me contactan con soluciones básicas o repetidas y no logran solucionar el problema, quién sabe que pasó pero ya no puedo usar la app, ya no renovaré pro añadamos problemas con los créditos, ya no te da información clara de donde puedes aplicarlos, solo menciona genéticamente que en ""ciertas tiendas""",1,2026-05-18,5,87,0
Rappi,buena,5,2026-05-18,0,1,1
Rappi,"La peor aplicación pedí una silla y el repartidor me trató extremadamente mal ya que según el solo entrega comidas y no sillas. Para colmo me debitaron dos veces cuando solo compré una vez y no me regresaron el dinero. Jamás usen está aplicación. Estafadores y ladrones no dan solución, se lavan las manos.",1,2026-05-18,0,54,0
Rappi,"Siempre que hay un problema con el repartidor, el restaurante o la aplicación el consumidor sale perdiendo. No importa que mandes evidencias y te comuniques con atención al cliente. Te hacen creer que se va a solucionar el problema a tu favor y después a la mera hora te la aplican. Si pueden pedir directamente al restaurante y pasar a recoger o directamente usar el servicio de entrega del restaurante háganlo y cuiden su tiempo y dinero. Gracias por nada Rappi",1,2026-05-18,0,81,0
Rappi,un horror. no me cancelan la suscripción y no me devolvieron el dinero de un pedido que me cancelo el negocio. voy a ir a defensa del consumidor,1,2026-05-18,0,28,0
Rappi,"El servicio de Personal banker de Rappicard es terriblemente malo, habla uno con un robot y es imposible hablar con un humano.",1,2026-05-18,0,22,0
Rappi,muy mala me sale que no hay nada cercano a mi casa,1,2026-05-18,0,12,0
Rappi,"Los domiciliarios cambian la hora de entrega a su antojo, y no una ni dos, sino hasta 5 veces.",1,2026-05-18,49,19,0
Rappi,"es mi primera vez usando esta app lo cual en otras no he tenido inconvenientes antes, yo había puesto mi ubicación bien a lo cual el rappi se fue por otra calle, a lo cual fui y le dije a mi madre que bajara en caso de algo, el chico no me quería entregar mi pedido por qué supuestamente ""lo tenía que devolver"" y yo le dí hasta el codigo de mi entrega y aún así no lo quiso ni poner como que lo entrego en el mesón, me fui y el chico ahí recién lo puso como entregado y perdí mi pedido y plata",1,2026-05-18,0,105,0
Rappi,"cambio mucho la app, los créditos no te permiten usarlos como antes, hay restaurantes que si aceptan pero al momento de pagar me sale ""los créditos no aplican para este restaurante"" me fascinaba la app de rappi y llegó a pagar la subscripción para ser pro par tener un buen servicio, no que me den la cara",1,2026-05-18,0,57,0
Rappi,Me afiliaron sin mi autorización y me hicieron cobro mesual,1,2026-05-18,0,10,0
Rappi,Quede sin cobertura por dónde vivo. Pero quedó Didi al menos. Y en Montería secuestran los pedidos si no das propina. El soporte brilla por su ausencia.,1,2026-05-18,0,27,0
Rappi,muy mala atención y los pedidos no llegan,1,2026-05-18,0,8,0
Rappi,pésima aplicación y pésimo servicio,1,2026-05-18,0,5,0
Rappi,"Necesito que me contacten. tenía saldo disponible y me cerraron la cuenta, no puedo ingresar con ninguna en mi celular!",2,2026-05-18,0,20,0
Rappi,"Se tardan un chingo en entregar un pedido de 500mts, no mamen.",1,2026-05-18,0,12,0
Rappi,no me permite pagar con ningun método de pago que no es tarjeta,1,2026-05-18,0,13,0
Rappi,"una total basura, desde las 8 de la noche hasta las 11:50 me la pasé esperando a que llegara un pedido y solo cancelaban y cancelaban los rappis, como si solo les interesará la propina y eso que no era mala propina, para después saber que cerraron y perdí la oportunidad de haberlo pedido en otras cadenas mejores como Didi food, una vergüenza de app",1,2026-05-18,0,65,0
Rappi,"pésimo servicio al cliente, el domiciliario llegó sin mi pedido pero aún así me cobraron el pedido sin derecho a devolución como si la culpa fuera mía. esta aplicación es un robadero total",1,2026-05-18,0,33,0
Rappi,muy pésima aplicación me quitaron como 150 de mi tarjeta por que me cancelan los pedidos no vuelvo a usar esta aplicación pésima,1,2026-05-18,0,23,0
Rappi,"Cuando se realiza un pedido, al inicio indican un horario estimado, pero luego lo siguen actualizando y cada vez se extiende más. En una ocasión tuve que cancelar un pedido porque me cansé de esperar, y desde entonces ya ni quería volver a pedir. Después pensé en darle otra oportunidad, creyendo que no volvería a pasar lo mismo, pero nuevamente ocurrió igual: más de 3 horas esperando una pizza. Muy mal servicio por parte de esta aplicación.",1,2026-05-18,2,77,0
Rappi,"Pésimo, no hay canal de ayuda claro, no hay línea de atención cliente",2,2026-05-18,0,13,0
Rappi,"tardan muchísimo en llegar y la aplicación no te brinda soluciones, te actualiza la hora de entrega las veces que quiere",1,2026-05-18,0,21,0
Rappi,"Evidentemente rappi ya estás muy por debajo de las demás plataformas, aún más que Didi y eso es mucho que decir, tus tiempos de entrega extremadamente altos, los productos llegan frios, tus socios repartidores sin sentido de urgencia, pronto dejaras de ser rentable supongo porque no solo te llevas las quejas tu, sino los restaurantes asociados gracias a tus pésimos tiempos también se llevan muy malas reseñas. NADA RECOMENDABLE PIDAN POR DIDI, UBER, EN LAS TIENDAS PERO JAMAS,JAMAS PIDAN POR AQUI",1,2026-05-18,0,81,0
Rappi,muy malo el soporte que tienen pedí un reembolso a mi cuenta y nada que me lo dan ya me comunique con un chat y nada dijeron que hiban a revisar mi caso y ya pasaron las 72 horas y nada y uno escribe devuelta y no contestan ni nada es un pesimo servicio y opino que deberían tener un chat de soporte siempre para que respondan rápido. Eso de pqr no sirve de nada otra vez me tienen con lo mismo y no dan solución ni responden parece que lo ignoran a uno,1,2026-05-18,0,94,0
Rappi,"siempre hay problemas con sus repartidores, perjudican al cliente y su solucion es cancelar luego de mas de 2 horas de espera.",1,2026-05-18,0,22,0
Rappi,me cobró un dinero que ni siquiera di autorización muy mala app la vrd,1,2026-05-18,0,14,0
Rappi,pesimo servicio. cero atencion al cliente,1,2026-05-18,1,6,0
Rappi,"Sus tiempos de entrega son pésimos. Permiten que repartidores tomen más de 3 pedidos sin importar cuan lejanas estén las entregas. Sus políticas de cancelación no permiten el reembolso aunque se tarden 2 horas (comprobado). En más de una ocasión mi pedido ha llegado frío, o deshecho por la tardanza. No lo vuelvo a usar.",2,2026-05-18,1,55,0
Rappi,"Muy mala experiencia con los cupones, ya que te lo quitan a pesar de que no lo usaste dentro del mes, no tiene soporte para las compras, tenés que pensarla 2 veces antes de comprar. no vale la pena pagar por RappiPro porque igual pagas por tarifa de servicio, las promos no se aplican y no te devuelven, menos mal aparecieron otras alternativas.",1,2026-05-18,2,63,0
Rappi,"esta bien horrible, siempre salen con una tontería sus repartidores, les recomiendo no paguen con tarjeta por que les dan menos prioridad. y si pueden, mejor ni la utilicen.",1,2026-05-18,1,29,0
Rappi,no mmn estoy pagando la suscripción y todos los restaurantes salen que solo están para recoger en la tienda y los mismos restaurantes en otras app si los llevan a domicilio normal,1,2026-05-18,0,32,0
Rappi,muy mala experiencia con los domiciliarios se roban los pedidos entregan después de 2 horas la app no se hace responsable de lo afectado recomendado quejarce a ayuda al consumidor,1,2026-05-18,0,30,0
Rappi,"Siempre e tenido problemas con rappi porque NO lo entregan en mi casa y siempre en la de al frente, perdí como 50 soles y no me los quieren reembolsar no recomiendo pedir por rappi si quieres que llegue rápido y seguro porque no lo es, deberían llamarse lentti o estaffi porque eso es lo que es",1,2026-05-18,0,57,0
Rappi,"mala, no deja cancelar los pedidos",1,2026-05-18,0,6,0
Rappi,super,5,2026-05-18,0,1,1
Rappi,genial,5,2026-05-18,0,1,1
Rappi,"aplicación totalmente nefasta, no deja agregar tarjeta de ninguna clase, no se hacen cargo de nada, también te vuelve a sacar de la app y luego no te deja volver a ingresar totalmente mal aguante pedidos ya nunca falla, quise probar esta app y fue al vicio no sirve, compren un programador como la gente",1,2026-05-18,0,55,0
Rappi,NO TOMA MI DIRECCIÓN EN C.A.B.A. TOMA CASEROS (PCIA BS AS) ES UNA VERGÜENZA ARREGLEN,1,2026-05-18,0,15,0
Rappi,buena app,4,2026-05-18,0,2,1
Rappi,nonca tuve ni tuve problema siempre le llegaron bien los pedidos,5,2026-05-18,0,11,1
Rappi,deberian hacer algo como ya el tercer rappi que acepte el pedido ya se lo tenga que bancar por que no es aceptavle esperar mas de una hora por que 6 rappis lo acepten e inmediatamente cancelen,1,2026-05-18,0,37,0
Rappi,cancelan los pedidos y no dan rembolso,1,2026-05-18,0,7,0
Rappi,pésimo me cobró más por envío rápido y cambio de hora de entrega 3 veces más de 1 hora y 30 esperando el pedido,1,2026-05-18,0,24,0
Rappi,"De las pocas veces que he pedido las experiencias han sido malas, los pedidos siempre me llegan fríos y fuera del plazo establecido, ya sea con entrega normal o priorizado. Ya no se si sea solo culpa de los riders o de la empresa de por si, no es normal que siempre se demoren y den experiencias desagradables.",1,2026-05-18,0,58,0
Rappi,me gusta la rapidez del producto Pero no está bien que uno gaste aquí para que no den créditos yo eh hecho varios pedidos eh gastado en esta app doy propina y no me dan créditos eso no es justo !!!!,1,2026-05-18,0,41,0
Rappi,"terrible, mi primera experiencia en ráppi y cada rato me cambian la hora del pedido ,y solo tenemos que aceptar; voy hora y estoy quedando mal con mi visita, ya se retiran y no llegan todavía con mi pedido",1,2026-05-17,0,39,0
Rappi,"La aplicación genera que un mismo repartidor tenga 2 o 3 envios, lo cuál genera que un simple pedido que no necesita preparación requiera más de una hora en la entrega, y que una que requiere preparación tome 2 horas.",1,2026-05-17,0,40,0
Rappi,"NO USEN RAPPI, SON UNOS ESTAFADORES, cada 4 o 5 pedidos te estafan y las soluciones brindadas son una burla al cliente",1,2026-05-17,0,22,0
Rappi,excelente,5,2026-05-17,0,1,1
Rappi,"horrible app, no hay respuesta cuando necesitas ayuda en el caso de aclaraciones o reembolsos, la logística de los pedidos son pésimos, la ayuda ""en vivo"" solo es un bot de IA que no resuelve nada, horrible servicio lo peor que los restaurantes locales la usan mucho, sugiero ir directamente a los locales o usar Uber eats",1,2026-05-17,0,57,0
Rappi,"cada vez peor lo tiempos de entrega, siempre se tardan una hora más de lo que dicen inicialmente",1,2026-05-17,0,18,0
Rappi,Buana aplicación chevere,5,2026-05-17,0,3,1
Rappi,chevere,5,2026-05-17,0,1,1
Rappi,"era cliente fiel de esta aplicación, pero lo que me pasó hoy ya es la gota que rebosa el vaso, pedí un vaper de 50 000 pesos y me llega el domicilio usado, parece que hasta lo cambiaron. por qué parece un vaper viejo lleno de saliva y hasta mordido. Decepcionado de la aplicación la verdad, última vez que la uso.",1,2026-05-17,0,61,0
Rappi,Con la nueva actualización no ve la lista desplegable que había antes para ordenar las tiendas de acuerdo a la que está más cerca,4,2026-05-17,0,24,1
Rappi,pésima atención mi entrega estaba más cerca y prefirieron mandarle más lejos mi pedido tomo más de 1 hora 30 minutos en llegar el motorizado ni contesto los mensajes horrible en la forma que tratan al cliente pésimo,1,2026-05-17,0,38,0
Rappi,bueno,5,2026-05-17,0,1,1
Rappi,"Eran buenos; sin embargo, recientemente las entregas tardan un tiempo excesivo derivado de la pésima decisión de hacer rutas con múltiples envíos, que seguramente sólo favorece a los accionistas; dudo que los repartidores se vean favorecidos por clientes que esperaron demasiado para recibir sus alimentos o su super. Existiendo uber o Didi que, hasta ahora no me ha tocado que hagan eso... ¡Bye Rappi!",1,2026-05-17,0,64,0
Rappi,Me cobraron de la tarjeta sin hacer ningún consumo. Necesito se comuniquen conmigo,1,2026-05-17,0,13,0
Rappi,"Muy malita y costosa. A veces se roban el dinero, no hay buen soporte al cliente, tampoco una buena calidad de la aplicación como tal, tiene la opcion de cambiar de dirección al tomar el pedido y ya después no deja. La cancelación tampoco es buena y se roban el dinero. Bastante malita. Creo que es a robar al usuario, sin beneficios de nada y solo ellos salir beneficiados, porque ni los pobres domiciliarios.",1,2026-05-17,0,74,0
Rappi,"más de 4 horas esperando un pedido de turbo, una verguenza.",1,2026-05-17,0,11,0
Rappi,"No puede ser que este bot me vuelva a mandar el link de reclamo cuando le estoy diciendo que no funciona. Al menos no para Arg. Me cobraron un pedido que se robó el Rappi y no me dan opción para reembolso. Abran mi solicitud de nuevo, devuélvanme la plata. Todo ésto queda público para que la gente vea que no se tiene que descargar la App ésta ya que no se hacen responsables.",1,2026-05-17,0,74,0
Rappi,"Pésima actualización, ahora te saca de la app, y cuando tienes creditos no te deja ver en qué tiendas aplican, sólo dice ""para ciertas tiendas"" pero no deja ver en cuáles. Qué estrés.",1,2026-05-17,0,33,0
Rappi,"horrible experiencia, ahora demoran demasiado para entregar tu pedido, no recomendaria esta app",1,2026-05-17,0,13,0
Rappi,"Pido helados de palito, tardan más de una hora en llegar y llegan todos derretidos. hago el reclamo y no me lo toman ni me devuelven la plata. Un desastre.",1,2026-05-17,0,30,0
Rappi,"la atención al cliente se ha vuelto imposible, no hay un número o un botón para comunicarse directamente con una persona",1,2026-05-17,0,21,0
Rappi,"Estafa, promociones de mentira",1,2026-05-17,0,4,0
Rappi,"El contacto con soporte no funciona y solo te atienden opciones automáticas, me comunique por X y solo me dijeron que siguiera intentando, basura total y siempre se traba la app. Si intentas pedir super, todo te lo van a cambiar y se van a tardar muchisimo tiempo. Hacen eso de que tu rappi recoge tu comida pero tiene que pasar a otros 4 lugares para que se enfríe la comida.",1,2026-05-17,3,71,0
Rappi,buena app,5,2026-05-17,0,2,1
Rappi,"Ladrones, si pudiera le daría 0 estrellas. Más de una hora esperando el pedido (y aun no llega), cuando quiero cancelar y pedir la devolución me quieren cobrar más por la devolución!!!! y hace más de una hora estoy esperando, una vergüenza.",1,2026-05-17,0,42,0
Rappi,"Me llego una milanesa de pollo CRUDA. Y no se hicieron cargo, el local sigue vendiendo en la aplicación como si nada y el soporte es un chatbot que te esquiva cualquier respuesta. Un desastre la aplicación y su soporte!",1,2026-05-17,0,40,0
Rappi,la opción de ayuda no ayuda en nada,1,2026-05-17,0,8,0
Rappi,Bien,5,2026-05-17,0,1,1
Rappi,"la aplicación cuando quieres dar la propina en vez de cambiar la propina de 10% al 20% lo BA subiendo y no se cambia nomás te pone el 10% que sigue aún pagas de más las propinas y además de que los conductores son muy irrespetuosos, súmale a eso que yo hice un pedido a KFC de 500 y mi pedido jamás llegó y pregunté por qué me lo cancelaron y me dijeron que cambie la dirección algo que jamás pasó y me cobraron el pedido terminé pagando 600 pesos a la basura es una pésima aplicación. no la usen",1,2026-05-17,0,100,0
Rappi,si no me estaba gustando rappi. ahora mucho menos. la rappi membresía no es realmente tan buena como parece. me cobraron un mes y queriendo cancelarlo me quitaron todo los beneficios al instante sin valor alguno del mes que se paga por anticipación.,1,2026-05-17,0,43,0
Rappi,"se cae a pedazos,no puedo realizar un solo pedido me rechaza todos los medios de pago, no me deja la opción en efectivo, no hay soporte en línea, completamente inútil esta app",1,2026-05-17,0,32,0
Rappi,"Rappi ha mejorado bastante con el tiempo. Me ha dado muchos beneficios, buenas promociones y hasta el día de hoy me ha mantenido contento con el servicio.",5,2026-05-17,0,27,1
Rappi,muy resolutiva,5,2026-05-17,0,2,1
Rappi,"HORRIBLE. Programé un pedido para las 12pm porque estaba trabajando, pero el repartidor llegó desde las 11:30am y fue muy grosero Como no pude salir antes, me cobraron el pedido completo más recargos y no recibí nada. Hice el reclamo y, después de tres semanas de espera( segun serian 3 dias) me respondieron que el cobro sí era válido. ACTUALIZACIÓN: Volví a contactar a soporte y otra vez me dijeron que activara mis notificaciones ¿Para qué permiten programar pedido si no van a respetar la hora?",1,2026-05-17,1,86,0
Rappi,"Ni me deja abrir una cuenta, solo dice credenciales incorrectos, no se a que se refiere, pero todo mal👎",1,2026-05-17,0,19,0
Rappi,"Ya van dos pedidos seguidos que llegan a las 2 horas, pésimo",1,2026-05-17,0,12,0
Rappi,sale que hize consumo cuando no hize ninguno,1,2026-05-17,0,8,0
Rappi,te cobran membresía cada mes sin haberte suscrito,1,2026-05-17,0,8,0
Rappi,"pésima aplicación y actualizar últimamente se traba o no carga o de plano te saca de la cuenta, al querer pagar con tarjeta te pide verificar el monto y te lo regresan o sea para que luego te saquen de la aplicación y se cobre 2 o 3 veces y luego según que con rappi pro te dan Cashback y ni siquiera sale barato o te hacen descuento.",1,2026-05-17,0,68,0
Rappi,Puro ladrones de mrd,1,2026-05-17,0,4,0
Rappi,"pedi y nunca vino, no lo recomiendo, me quede esperando y ya son las 12 y tuve que cancelar solo le alejaba el rappi mas y mas lejos en vez de acercarse",1,2026-05-17,0,32,0
Rappi,"Muy mala aplicación, los repartidores se quedan con tu pedido y no te reembolsan el dinero habiendo pruebas de que hacen ello.",1,2026-05-17,0,22,0
Rappi,"Se supone que pague Rappi prime para tener envíos gratis, y ahora resulta que si no pido algo mayor a $138 el envío no es gratis, no me joda entonces pague para nada",1,2026-05-17,1,33,0
Rappi,"Casi siempre que pido me sale que por alta demanda no puedo ordenar (casi todos los de mi zona y lejos, casi nunca me deja pedir nada independiente del día y la hora, ha Sido un suceso recurrente) y las pocas veces que me acepta el pedido demora más de hora y media y me andan postponiendo el pedido (hasta 5 veces) tanto así que la comida llega totalmente fría, he reclamado en su libro de reclamaciones como me indicaron y su respuesta fue que no pueden hacer nada y q que pena",1,2026-05-17,0,93,0
Rappi,"al momento de entregar los productos se demoran horas, no hay forma de comunicarse con alguien para poner quejas, siempre sale que no hay repartidores pa el pedido",1,2026-05-17,0,28,0
Rappi,cuando un local te envía productos que están mal o en mal estado rappi no te dá soluciones realmente muy mal la app. NO LA RECOMIENDO,1,2026-05-17,0,26,0
Rappi,"pésimo servicio al cliente. Hice un pedido de comida, me cobraron 176 cuando debieron haber sido menos con los cupones, en el historial aparece que fueron 176 pero al entrar al detalle de la compra marca que pagué solo 132.10 ya incluyendo transporte, descuentos y todo. Al pedir hablar con soporte me manda a un chat con una IA que no comprende como me cobraron más de lo que el total marca y saca otro total de 169 por alguna razón que no sabe explicar y cierra el chat de soporte.",2,2026-05-17,0,91,0
Rappi,"Descargué la aplicación para probar, terrible experiencia. Me atrasaron en total una hora la entrega de mí comida. No recomiendo",1,2026-05-17,0,20,0
Rappi,"no me deja ver en donde usar los rappicreditos, q basura y el soporte es inservible",1,2026-05-17,0,16,0
Rappi,"Pésimo... se hacen los locos o que... somos varios los que estamos comentando que no se visualiza en dónde aplican los créditos... solo veo que responden ""damos más detalles y ponen el link"" como si hubiese más detalle que dar! o casualidad dan créditos pero no dicen en qué tiendas aplican 😑",1,2026-05-17,0,52,0
Rappi,"es una estafa, usan tus tarjetas para los pagos de suscripciones sin tu permiso y no te devuelven el dinero por cualquier medio",2,2026-05-17,0,23,0
Rappi,me descontaron algo que ni siquiera hice entonces ahora pague el doble asco de aplicación,1,2026-05-17,0,15,0
Rappi,"la aplicacion esta lenta, no me deja pagar en efectivo, arreglen es problema.",1,2026-05-17,0,13,0
Rappi,lo peor. Un fraude. NO LA USEN,1,2026-05-17,1,7,0
Rappi,"Me pasa siempre que hago un pedido y se demora 2 a 3 horas en llegar y el pedido llega frio, lo peor de todo es que no dan solución, no reembolsan lo que dicen que devolverán.",1,2026-05-17,1,37,0
Rappi,"Muy mal servicio, estoy pagando rappi pro y no me dan ningún beneficio de los que prometen, encima no atienden reclamos",1,2026-05-17,0,21,0
Rappi,"últimamente el servicio se volvió totalmente deficiente... y eso que pago la suscripción Pro. Los pedidos llegan 1 hora tarde y llegan en mal estado. La geolocalización funciona pésimo. Siempre intento bajar antes de que llegue el pedido pero la aplicación no muestra el recorrido en muchos de los casos. Ya no vale la pena usar esta app... PD. Me piden que me contacte por el chat del soporte para comentar lo que pasó, pero cuando uno escribe en el chat recibe respuestas automáticas...",1,2026-05-17,2,84,0
Rappi,ni si quiera te dan los promociones que dicen puro cuento mejor me voy a McDonald's App,1,2026-05-17,0,17,0
Rappi,"NO HAY Devoluciones,NUNCA RESPONDEN",1,2026-05-17,0,4,0
Rappi,Inflan precios para simular descuentos.,1,2026-05-17,0,5,0
Rappi,"Definitivamente ya no volveré a ultizar los servicios de Rappi en Colombia medellín, los tiempos estimados son falsos hasta para pedir medicamentos. Ponen la opción de que sea más rápido si pagas más del 10% y termina siendo lento o hasta peor de lo normal, los domiciliarios son groseros y nunca responden los mensajes. Estando a menos de una cuadra tardan demasiado para llegar. Me intento comunicar con soporte y es casi imposible.",1,2026-05-16,0,73,0
Rappi,"Horrible la peor experiencia, no hay atención al cliente para ayuda al momento y peor aun no se puede cancelar el pedido, espere 3h para que el pedido llegue, pésima atención solo paso a decir que desintalo la aplicación..",1,2026-05-16,0,39,0
Rappi,"Los pedidos a ubicaciones cercanas demoran demasiado, en ocasiones los repartidores se quedan los pedidos y ni siquiera cancelan el pedido lo cual te hace esperar horas sin saber que no van a llegar. necesitan regular a sus repartidores más estrictamente para que no se puedan quedar (robar) un producto y dejar esperando al cliente.",1,2026-05-16,0,55,0
Rappi,el sistema de reporte de rappi es muy malo no les recomiendo ya rappi tenía un delivery k se puso bravo pq me quiso cobrar 5 dólares más si costaba 4.50 Pero con el cupón pagaba 50 centavos llame a ráppi soporte y no me a llegado nada en fin aplicación pésima no la recomiendo para nada mejor utilizo pedidos ya o otra aplicación no es recomendable el soporte,1,2026-05-16,0,69,0
Rappi,"Realice un pedido, cuando indicaba que estaba afuera, el repartidor canceló y aún así te cobran el pedido que no recibes.",1,2026-05-16,0,21,0
Rappi,"Pésimo desde hace meses deje de pedir por la app ya que tenía problemas de demora del envío volví a descargarlo para ver si se solucionó, y esta aún peor",1,2026-05-16,0,30,0
Rappi,"Primero me cancelaron el pedido y tardaron media hora y segundo me cambiaron la hora y después me la cambiaron otra vez estuve esperando más de una hora el pedido , y cuando me cancelaron el pedido ví al repartidor cerca de mi casa entonces está todo muy mal.",1,2026-05-16,1,49,0
Rappi,todavía no lo probé pero dicen que es bueno,1,2026-05-16,0,9,0
Rappi,terrible los tiempos de espera.,1,2026-05-16,1,5,0
Rappi,"Todo iba bien pero la app se cierra o sale mensaje de ocurrió un error, y por ello nunca salió mi pedido y ya se habría cobrado directamente de mi tarjeta",1,2026-05-16,1,31,0
Rappi,bueno,5,2026-05-16,0,1,1
Rappi,no cumple con lo promocionado,1,2026-05-16,1,5,0
Rappi,nefastos me cancelaron el pedido para perder mi beneficio,1,2026-05-16,0,9,0
Rappi,pesima,1,2026-05-16,0,1,0
Rappi,decepcionante en todos los sentidos...,1,2026-05-16,0,5,0
Rappi,"Me mandaron un pedido diferente al que hice y en la aplicación no me deja reclamar, además use el libro de reclamaciones y nunca me dieron respuesta ni correo de confirmación un robo.",1,2026-05-16,0,33,0
Rappi,bueno,5,2026-05-16,0,1,1
Rappi,muy buena,5,2026-05-16,0,2,1
Rappi,Comunicarse con un asesor en la ayuda es imposible. Tengo problemas con un reembolso y esa app de 💩 no deja.,1,2026-05-16,0,21,0
Rappi,con la nueva actualización ya no aparece en qué tiendas se puede usar los créditos y en las soluciones que nada en realidad no resuelven nada,1,2026-05-16,0,26,0
Rappi,es verdad que te regalan el álbum del mundial si compras 10 sobreS?,2,2026-05-16,0,13,0
Rappi,excelente servicio,5,2026-05-16,0,2,1
Rappi,No hay tiendas disponibles. Mientras tanto la competencia sobran locales.,1,2026-05-16,0,10,0
Rappi,"Los de Rappi son unas asquerosas ratas. Me dijeron que me comunicara con mi banco porque según ya habían hecho 2 reembolsos que me deben y estos me dijeron que eso era mentira porque rappi nunca hizo los reembolsos. Me comunique con el soporte de rappi y en cuanto les dije que no me habían reembolsado nada, el asesor cortó la comunicación abruptamente y no me resolvió mi queja. Rappi no seas rata y devuelveme mis 2 reembolsos que me debes 🤬🤬🤬🤬🤬🤬🤬🤬🤬🤬🤬 🤬🤬🤬🤬🤬🤬🤬🤬🤬🤬🤬🤬🤬?",1,2026-05-16,0,83,0
Rappi,la paz es don de dios y tarea de todos,5,2026-05-16,0,10,1
Rappi,"al principio era bueno pero de un tiempo para acá es un batallar,tengo que pagar envío prioritario para asegurar que llegue el pedido en tiempo y forma porque si pongo envío normal jamás llega y no deja cancelar sin cobro alguno hasta después de horas de haber realizado el pedido pésima aplicación",1,2026-05-16,0,52,0
Rappi,un lujo,5,2026-05-16,0,2,1
Rappi,Excelente,5,2026-05-16,0,1,1
Rappi,"Con la última actualización, ya no me permite ver los terminos y condiciones que tengo para usar mis rappicreditos, antes me decia donde podia gastarlos, y ahora no me dice absolutamente nada solo ""para gastar en tiendas"" y ya, he estado intentando contactar a soporte pero no hay respuesta",2,2026-05-16,0,49,0
Rappi,"hice un pedido, me llegó otro producto y no me realizan cambio, devolución ni asistencia al cliente. muy mala experiencia",1,2026-05-16,0,20,0
Rappi,Muy buena,5,2026-05-16,0,2,1
Rappi,"La aplicacion claramente es malintencionada y busca cobrar membresías aunque cancele Actualización 16/05/2025: Aunque ya me contacte previamente con el equipo de Rappi para la Cancelación y ellos aseguraron ya estaba realizada, hoy día me vuelven a generar el cobro por ""rappi pro""",1,2026-05-16,0,43,0
Rappi,"Desde que la instalé no la he podido usar, me cancelan los pedidos.",1,2026-05-16,0,13,0
Rappi,"Los créditos ahora se muestran de una manera poco clara, confusa",2,2026-05-16,0,11,0
Rappi,Hice un pedido y después de dos horas al final nunca llegó. Ni siquiera me hicieron un reembolso. no recomiendo si quiera descargarla,1,2026-05-16,0,23,0
Rappi,"se cae a cada rato su aplicación, quien sabe quien es su proveedor pero es claro que fue una pésima desicion",2,2026-05-16,0,21,0
Rappi,"horrible te cambian los productos de tu pedido por productos más caros, reclamas y no te hacen caso al final no hay forma de hacer devolución ni recuperar tu dinero",1,2026-05-16,0,30,0
Rappi,"Te hacen esperar 3 horas para un pedido donde el repartidor se quedó a 5 cuadras de tu ubicación y no quiere entregarte, llamas a soporte y nisiquiera te ofrecen ayuda, más bien TE COBRAN por qué ""el repartidor ya tiene la comida"" SEGURO YA SE LO COMIO. TE DEVUELVEN EL DINERO COBRADO EN CRÉDITOS O EN 30 DIAS HABILES EN LA TARJETA. TIENEN UNA IA QUE NO RESUELVE SOLO TE DA VUELTAS. LA PEOR APP DEL MUNDO, YO YA LA DENUNCIE CON INDECOPI",1,2026-05-16,0,84,0
Rappi,"en mi reciente experiencia, no recomiendo pedí 4 mojitos que me salió 28.90 luego después de que el repartidor me entregara mi pedido minutos después está app se cobro de mi yape 26.90 soles mas, llame al repartidor y me dijo señora su pedido fue entregado y me colgó mala experiencia. hasta ahora no me dan solución con lo que me cobraron demas",1,2026-05-16,0,63,0
Rappi,exitosa ...por mucho tiempo,5,2026-05-16,0,4,1
Rappi,bueno,5,2026-05-16,0,1,1
Rappi,"Hice un pedido donde coloque un adicional que cobraron.. llega el pedido sin ese adicional, adjunto evidencia donde no está el adicional que básicamente debe estar visible en TODO EL VASO y no me dan el rembolso del adicional por presunto ""abuso"" vaya estafadores",1,2026-05-16,1,44,0
Rappi,muy buena,5,2026-05-16,0,2,1
Rappi,"actualización 15/05: La sección AYUDA, no sirve para nada, con la última actualización no se en cuáles restaurantes puedo cobrar mis créditos, lo hacen para que no pueda cobrarlos y ganen más dinero......si los contacto por la sección de ayuda, pero no me ayudan. pésima gestión si un usuario necesita resolver problemas con la app, no hay a quien enviarle una solicitud, las ofertas son buenas pago el plan PRO, pero si tengo problemas con algún producto son pésimos para darme una solución.",1,2026-05-16,1,83,0
Rappi,Se tardan horas para al final decirte que se canceló tu pedido por problemas en la app pero en realidad no tienen ni repartidores.,1,2026-05-16,1,24,0
Rappi,es muy gracioso que si no tenes plus te aparecen unos descuentos y si si sos plus que no pagas el envío te los sacan,1,2026-05-16,1,25,0
Rappi,Hola yo quedé deseccionado estaba en el hospital con mi hija y pido un Arroz supuestamente chino que de chino no tenía nada ni cucharas ni salsas trajo y escribí a soporte de rappi y no me solucionaron nada que en esta ocasión no podían hacer nada por eso fue primera y última vez por hoy en día la situación dura y uno regalando la plata mal servicio y soporte solo responde es como una bot que tienen tenía membresía de rappi y de la rabia y el estrés cancele todo eso para que vamos a pagar por na,1,2026-05-16,1,99,0
Rappi,"Soy cliente frecuente en la aplicación y el dia de hoy pedi comida que llego en mal estado, (rancia), escribo al soporte de rappi y me indican que el valor de la devolución es de 0, reabro el casos y vuelven y cierran indicando que no procede la devolución, se que el error de la comida no es culpa de ustedes, pero si el motivo que no permiten hacer la reclamación, ya que cuando intento abrir nuevamente la ayuda dice que ya hay una en camino, no realizan devolución.",1,2026-05-16,2,89,0
Rappi,"pésimo el servicio, te dan un código de seguridad AL PEDO porque el repartidor puede poner que lo entrego aunque no haya sido así. Te figura que el repartidor ya llegó cuando no hay nadie en toda la cuadra! Dos horas estuve esperando un pedido que JAMAS llego y solo hacen lo MINIMO que es devolverte el dinero pagado, que obvio que no es compensación suficiente!",1,2026-05-16,1,66,0
Rappi,en marzo me cancelaron un pedido que primero cobraron con tarjeta luego lo cancelaron y nunca me reembolsaron y ademas no es la primera vez son unos ratas,1,2026-05-16,0,28,0
Rappi,"Cada vez peor, ya son varias oportunidades que me han hecho esperar horas por un pedido que nunca llega y no saben dar soluciones a eso",1,2026-05-16,0,26,0
Rappi,"su app se traba a cada rato, ni canjear cupones deja la tengo que cerrar mil veces",1,2026-05-16,0,17,0
Rappi,no me deja loggearme por ningun metodo,1,2026-05-16,0,7,0
Rappi,"Serás *estafado* al usar esta app. Eliges el producto, le suman el envío, además de cobrar el ""servicio"", agregan una propina y cuando autorizas esto, te llega el mensajero con un precio muy superior al acordado en el pedido.",1,2026-05-16,0,39,0
Rappi,"La nueva actualización del 11 de mayo 2026 esta muy mal.. Falla mucho, no acepta tarjeta a veces ni efectivo, se batalla en pedir, los repartidores están tardando más de 2 horas en entregar y no se puede cancelar si costo el pedido. Ellos llegan a entregar y también batallando mucho, con foto, nombre y varias cosas más. Muy lenta actualización",1,2026-05-16,0,61,0
Rappi,"Ponen una hora estimada (sí, sé lo que significa estimada) de entrega pero se extiende/retrasa por hasta 1 hora porque al repartidor le salió otro pedido que tiene que recoger antes de entregarme a mí, ya anda nomás paseando mi pedido mientras se enfria y llega todo rancio 🤡💩",1,2026-05-16,0,49,0
Rappi,te mete a su sistema de subscripción en automático sin preguntar para cobrarte 300 mxn sin que te des cuenta en cuanto haces pago con tarjeta,1,2026-05-16,1,26,0
Rappi,"con la nueva actualización no se en cuales tiendas puedo aplicar los crédito ganados , como le hago para saber en qué tienda canjearlos ?",1,2026-05-16,1,25,0
Rappi,"Ya llevo varios pedidos donde sale primero su pedido va en camino y luego su pedido está en un envío compartido, y a veces el repartidor va a varios lugares a entregar o incluso a recoger comida, y mi pedido llega muy tarde y frio. Para que pago Rappi pro si llega más tarde. decepcionada",1,2026-05-16,0,55,0
Rappi,una aplicacion extremadamnete mala pedi un pedido por el computafor nunca me llego el codigo me cancelaron el pedido y lo peor es que no me rembolsaron el dinero pesimo servicio al cliente,1,2026-05-16,0,33,0
Rappi,"La aplicacion ahora ya no dice de donde son los creditos que tengo. Entonces para las promos que quiere hacer de regalar creditos solo me sale que tengo tantos creditos para ""ciertas tiendas"" pero no puedo saber en que tiendas",1,2026-05-16,0,40,0
Rappi,"horrible experiencia desde diciembre de 2025. los tiempos de entrega son inmensos. se tardan más de una hora en hacer entregas TURBO. un desastre. cómo no hay -1 Estrella, toca calificarlos con 1",1,2026-05-16,0,33,0
Rappi,densos,1,2026-05-16,0,1,0
Rappi,"Pesimo el servicio. Haces tu pedido y te lo ponen al final de una cola de pedidos cuando llega tu orden esta fria. No puedes cancelar, ni editar nada tienes que quedarte esperando que les de la gana de atenderte",1,2026-05-15,0,40,0
Rappi,"son más de 100 pesos en envío y otras cosas, para que al final te robe el repartidor, pésima app",1,2026-05-15,0,20,0
Rappi,los créditos no puedo ver dónde se pueden ocupar porque unos son para ciertas tiendas y aparte no puedo agregar tarjetas de débito o crédito y me aparece que un error y aparte su servicio de atención no sirven,1,2026-05-15,0,39,0
Rappi,"He tenido ya varias malas experiencias con esta app, cuando los repartidores toman el pedido tarda mucho en entregar, se entiende que hay tiempos de espera y de preparación pero en verdad que 2 horas es una exageración y durante ese lapso de tiempo no se puede hablar con nadie para solicitar ayuda con los pedidos ni para cancelar Ya no volveré a usar esta aplicación, anteriormente era muy buena pero su servicio ahora es pésimo",1,2026-05-15,2,76,0
Rappi,pésimo tarda mucho tiempo,1,2026-05-15,0,4,0
Rappi,Bien,5,2026-05-15,0,1,1
Rappi,Buena app,5,2026-05-15,0,2,1
Rappi,Pésimo servicio los repartidores cobran de más y entregan pedidos en mal estado,1,2026-05-15,0,13,0
Rappi,"Solicité la cancelación del Pro pero todavía debería tener servicio hasta el 2 de Junio. Cuando intenté hacer una compra me hace el cobro de todo como si no tuviera el Pro. Estoy hace 40 minutos tratando de contactarme con servicio al cliente y no hay manera, no tienen un chat directo y cuando fin encuentras algún lugar donde puedes abrir un chat nadie lo contesta... Dentro de todo no me había ido mal con el servicio pero cuando algo va mal no tienen manera de ayudar 👎🏼👎🏼👎🏼",2,2026-05-15,0,88,0
Rappi,"sus sistema de reembolso no sirve, pagas 200 pesos y solo te devuelve 30 y si tienes suerte",1,2026-05-15,0,18,0
Rappi,"NEFASTOS, IRRESPONSABLES Y CERO LES IMPORTA SUS CLIENTES. Se equivocan ellos y los clientes debemos asumir y quedarnos con un producto que no pedimos. Abusadores.",1,2026-05-15,0,25,0
Rappi,gooood,5,2026-05-15,0,1,1
Rappi,"La peor experiencia que tuve en mí vida con servicio al consumidor y atención al cliente. Hace poco además me cobraron un vino 17.999 y me entregaron uno de 6.999. No me dieron reembolso, jamás me atendió una persona. Me mantuvieron en un loop constante sin respuestas o con respuestas automáticas Realmente el peor servicio que conocí en atención. Tenía cuenta premium, me di de baja y desinstale la aplicación. No la vuelvo a usar ni recomendar.",1,2026-05-15,0,77,0
Rappi,"La app sirve para los pedidos pero dejé de pagar la suscripción porque igual me ponían en el camino de otros repartos y la comida llegaba tarde y muy fría, incluso se quedan esperando otros pedidos en la tienda haciendo que se enfríe mucho más.",2,2026-05-15,1,45,0
Rappi,muy mala opción,1,2026-05-15,0,3,0
Rappi,Hay alguien con quién pueda tener soporte para Rappicard no hay con quien hablar No puedo contactar al personal banker dice la app que ocurrió un error quiero hablar con alguien,1,2026-05-15,0,31,0
Rappi,Excelente,5,2026-05-15,0,1,1
Rappi,"TE RETIENEN TU DINERO!!! yo realize un pedido de tienda en línea y hra y media despues cancele x q ni repartidor le habian asignado y mi dinero tarda 15 dias en ser reembolsado, un asco su aplicación yo queria seguir comprando otra cosas y x sus idioteces ya no pude",5,2026-05-15,1,51,1
Rappi,genial,5,2026-05-15,0,1,1
Rappi,a mí me robaron hice un pedido y era descontado de mi tarjeta y resulta que la tienda estaba cerrada y nunca me hicieron el reembolso dijeron que 30 días y ya van 2 meses y no los devolvieron les escribí pero nunca me dieron solución,1,2026-05-15,0,46,0
Rappi,necesita implementar más cupones,5,2026-05-15,0,4,1
Rappi,"Al inicio su servicio era de primera en Perú, ahora nunca responden reclamos y cierran las solicitudes sin resolver nada, hacen la del perro muerto.",1,2026-05-15,0,25,0
Rappi,pesimo servicio me robaron en mi primer pedido mas de 500 pesos me quede cpn hambre y sin dinero,1,2026-05-15,0,19,0
Rappi,"Pésima app, no hay la opción de atención al cliente o para poner queja, y además los precios de esta app son elevadas en comparación con otras. Soy rappi pro, hice un pedido y el repartidor me dijo que había colocado mal mi ubicación, lo cual revisé y corroboré que estaba bien, le escribí al repartidor y me dijo que vendría con mi pedido, nunca llegó,lo que hizo fue hacer como si me hubiera entregado el pedido y finalizó mi chat, o sea es una burla, te cobran por adelantado pero no te entregan",1,2026-05-15,0,94,0
Rappi,"porque si están lejos de mi los restaurantes, me los muestras y luego me pones a cada rato que están lejos y no pida de ahí?????",1,2026-05-15,0,26,0
Rappi,buen servicio,5,2026-05-15,0,2,1
Rappi,"Mi pedido nunca llegó, hablé con el restaurante, me dijeron que la app se había caído y no se les había creado ningún pedido. Rappi me dijo que lo lamentaban pero que por políticas, no podían devolverme el dinero y tengo cantidad de historias de la misma manera. Rappi lo roba a uno de frente, no debería existir.",1,2026-05-15,0,58,0
Rappi,no llega a donde pides pero luego te manda por sonas bien culeras y te los paga de 15 pesos,1,2026-05-15,0,20,0
Rappi,malo 30 días para devoluciones,1,2026-05-15,0,5,0
Rappi,"q feo q te quiten el método de pago en efectivo cuando cancelas el pedido 2 veces y lo cancelaste solo por q tu rappi se tarda mucho, aparte los repartidores q si no les das propina no te traen nada, y si les das les tienes q dar de 20 para arriba por q así solo lo aceptan y más en la noche",1,2026-05-15,0,64,0
Rappi,"reinstale el app y ahora no me permite loguearme a mi cuenta: agrego mi correo, luego recibo por wasap el código de verificación, y cuando inserto el código me sale el siguiente error: ""ocurrio un error por favor vuelve a intentar""",1,2026-05-15,0,41,0
Rappi,"La calidad del servicio ha decrecido mucho, mueven las horas de entrega sin parar y sin beneficio en créditos como antes, hago un pedido a las 7 pm, son las 9 pm y sigue sin llegar. No es una situación de distancia o tráfico, es la deficiencia en lo que nos prometen como usuarios y lo que realizan al final, van en declive, lastimosamente",1,2026-05-15,3,64,0
Rappi,ya ni se puede ver en qué tiendas aplican los creditos que regalan.... no tiene sentido,1,2026-05-15,0,16,0
Rappi,bien,5,2026-05-15,0,1,1
Rappi,"horrible, solo pague el servicio Black por la promo de chatgpt pro gratis por 6 meses y nunca pude acceder a la versión pro de chatgpt intente de todo, segui paso a paso y nada, asi que pague al vicio!. Si sos de Argentina no lo recomiendo porque alguna trava deben tener las tarjetas de aca.",1,2026-05-15,0,56,0
Rappi,Estafan,1,2026-05-15,0,1,0
Rappi,es una muy buena opción cómoda y segura Excelente,5,2026-05-15,0,9,1
Rappi,No me permite ver la sección de que tiendas aplica para mis creditos,1,2026-05-15,0,13,0
Rappi,No actualiza la dirección y si deseas cancelar por algún error es imposible.,1,2026-05-15,0,13,0
Rappi,Tienen tan poco control de los rappy que me robaron mi comida y como el rappi puso entregado no me responden. pésimo app ps: el link que da no sirve,1,2026-05-15,0,30,0
Rappi,"llega mi pedido y me vuelve a decir tu pedido en camino,la otra vez trajeron doble pedido 😒",1,2026-05-15,0,18,0
Rappi,no puedo usar los creditos,1,2026-05-15,1,5,0
Rappi,"Es la única app que tarda una infinidad de tiempo en abrir, solo se queda en la pantalla de inicio donde dice ""rappi"" y no pasa de ahí, con ninguna otra app de delivery ni bancaria me sucede esto en verdad deben de hacer algo al respecto, muchas veces no he podido usar mi tarjeta de crédito porque no la puedo encender desde la app ya que no abre",1,2026-05-15,1,69,0
Rappi,al momento de dejar alguna propina es preferible darcela al repartidor puesto q está hace incumplimiento de leyes al momento de de ejercer RETENCIONES INDEBIDAS DE PROPINAS,1,2026-05-14,0,27,0
Rappi,"el mapa de los estados de los pedidos no está bien diseñado, no muestra si el repartidor tiene otros pedidos o que ruta debe llevar el repartidor hasta llegar a mi domicilio",2,2026-05-14,1,32,0
Rappi,"Comparten envíos de comida que no están cerca. Pago suscripción y además envío prioritario cada vez porque sin él se tardan una hora o más. La app ya gana por suscripción y 30% o más de los productos. Ahora está forzando a poner siempre propina para ""incentivar"" que el repartidor tome el pedido. Se les debería pagar bien siempre y la propina es algo que se agrega extra después de un servicio excepcional. Pésimo servicio de la app pero sólo permite calificar al repartidor o restaurant",1,2026-05-14,1,86,0
Rappi,"si sos celiaco buscar donde pedir en esta app es un infierno. no existe un filtro de comida sin tacc y al poner en el buscador sin tacc o sin gluten solo me muestra resultados con gluten como empanadas, pizzas hamburguesas y pasteleria comunes, siendo que si alguien no se da cuenta puede llegar a confundir que realmente es sin tacc ya que el buscador asi lo muestra y terminar con un cuadro en urgencias.",1,2026-05-14,0,75,0
Rappi,De un momento a otro ya no me deja crear pedidos y me cuestiona el metodo de pago,1,2026-05-14,0,18,0
Rappi,"me robaron la plata cancele el pedido y no me devuelven la plata, se la tumbaron",1,2026-05-14,0,16,0
Rappi,"Me gustaba mucho hasta recién que eliminaron el pago en efectivo, en lo personal prefiero pagar mis cosas en contra entrega y ya se que hay gente que cancela o no paga o cosas así pero deberían poner la disponibilidad de pago según el historial del cliente, en lo personal yo uso mucho la plataforma y nunca he tenido inconvenientes pero creo que la dejaré de usar puesto que ya no hay esa disponibilidad de forma de pago , cabe mencionar que por eso no me gusta Uber porque puro pago con tarjeta",1,2026-05-14,1,93,0
Rappi,"desde la primera vez que la instale tuve pequeños problemas, hoy por último no me dejaba agregar un metodo de pago, pero si realizo el cobro 3 veces, cobro que no me regresaron si pudiera darle 0 se lo daba sin dudar, el servicio a clientes no sirve prácticamente ya no existe solo son soluciones predeterminadas que nunca han servid y te da la opción de dejar un comentario que no leen jamas, pesima app desde hace un tiempo algun dia fue funcional hoy es un desperdicio total",1,2026-05-14,0,88,0
Rappi,hice un pedido pagado con mi tarjeta que jamás llegó y en la app para ingresar dice que ocurrió un error no puedo pedir ayuda xq me aparece que solo es por la app... hice mi pedido desde el portal de rappi ligado al restaurante. la peor experiencia,1,2026-05-14,0,48,0
Rappi,no carga al momento de abrirlo o luego dice que ocurrió un error,1,2026-05-14,0,13,0
Rappi,Pésima app no puedes cancelar pedidos,4,2026-05-14,0,6,1
Rappi,"demora demasiado, hice un pedido de un restaurante que queda a 10 minutos y llego 2 horas después, salia más económico solicitar taxi e ir al establecimiento, por lo menos se había comido caliente porque llegó todo frío",1,2026-05-14,0,38,0
Rappi,La verdad al momento de instalar la app todo bien pero ya cuando pongo mi correo me aparece que ya hay un número vinculado que no es mío y no me deja avanzar de ahí,1,2026-05-14,0,35,0
Rappi,"la última actualización fue buena en ciertas cosas, pero volvió la sección de créditos más confusa, no muestra que tiendas son disponibles para usarlos",4,2026-05-14,0,24,1
Rappi,"EDIT: Les di una oportunidad y sigue igual de pésimo. ESTAFA! Pésimo servicio en los últimos pedidos: la aplicación canceló un pedido y me descontaron los rappicreditos que utilice (por una comida que nunca llegó). Pedí un plato con 30% de descuento que no se aplicó. Y el soporte que no responde. Lo peor es que lo que pagas de más, con PLATA REAL, site lo devuelven, es en billetes de monopoly, solo sirve para usar en la aplicación.",1,2026-05-14,3,79,0
Rappi,"El servicio perfecto. La app super bugeada, no me deja ni ver en qué restaurantes puedo usar mis creditos, pésimo.",1,2026-05-14,0,20,0
Rappi,"ponen a los repartidores como con 3 pedidos y demoran las entregas , última vez que los uso",1,2026-05-14,0,18,0
Rappi,"es horrible, un pedido que debía llegar en 12 minutos, es la 1 hora despues no ha llegado, han cambiado 5 veces la hora de entrega, igual la cantidad fe veces que se ha cambiado de rappi, lo peor esque si lo cancelo no es reembolsable a pesar de no hayan realizado nada. ni siquiera un rappi asignado de verdad, para cobrar son buenos, pero para resolver ni aparecen, si algo sucede nadie responde",1,2026-05-14,0,74,0
Rappi,"sin duda es la peor de todas las apps de comida al menos en Perú, yo creo que hay una reunión de los directivos para ver cómo hacerla peor o empeorar el servicio ahora no se puede hablar con soporte, porque es bot inutil que repite lo mismo, los repartidores te pueden robar no hay donde quejarse, ahora último me quedé esperando 2 horas para un pedido que nunca llegó y que hizo la app? absolutamente nada",1,2026-05-14,0,77,0
Rappi,me carga todas las promos buenas me aparece sin cobertura 😑 y me meto a la app del local y si tengo aaaaaaaa,1,2026-05-14,0,23,0
Rappi,Malísimo el servicio al cliente. Permitieron que un mensajero me robara cuando reportó una entrega sin aportar el código y no hicieron nada.,1,2026-05-14,0,23,0
Rappi,Excelente,5,2026-05-14,0,1,1
Rappi,me preguntas a los dos minutos q la instalo. ¿qué querés q diga?,5,2026-05-14,0,13,1
Rappi,"Últimamente están tardando demasiado en llegar los pedidos, han llegado posterior a la 2 horas, el repartidor siempre pasa a dejar otro pedido antes y tardan muchísimo, llegan pedidos incompletos y no hay reembolso, cambian la hora de entrega todo el tiempo y de una espera de media hora resulta en más de una. De nada sirve tener el servicio Pro.",1,2026-05-14,0,61,0
Rappi,funciona cada vez peor 👎,1,2026-05-14,0,5,0
Rappi,"Todo lo que brinda rappi es pésimo. te llegan pedidos incompletos, pagas el servicio pro y además un cargo para que lleguen más rápido las cosas y lo mismo se demoran horas en llegar. Los pagos online son otro desastre, cuando quiere te genera deuda porque según ellos no se pudieron cobrar y así debes esperé el bendito día que te dejen pagar, cabe aclarar que hasta que eso sucede no se puede pedir nada, no pierdan el tiempo con rappi, pedidos ya es mil veces mejor en todos los sentidos.",1,2026-05-14,0,91,0
Rappi,no tiene buen servicio a cliente,1,2026-05-14,0,6,0
Rappi,"una decepción total, uno se arrepiente de pagar membresía, cambian el horario de entrega hasta 4 veces, que pésimo servicio sino están aptos para cumplir mejor no ofrezcan el servicio",1,2026-05-14,0,30,0
Rappi,"Siendo pro black ahora tengo que comprar más para aprovechar las promociones como en Chedraui que antes daban el 50% de cashbanck y ahora dan el 30% francamente ¿cuál es el beneficio de esta membresía? si mis pedidos siempre llegan tarde, me siguen cobrando por tarifa de servicio y cada vez pierdo más beneficios.",1,2026-05-14,0,54,0
Rappi,excelente,5,2026-05-14,0,1,1
Rappi,amo,5,2026-05-14,0,1,1
Rappi,"No sé porque cambió la interfaz de créditos, ahora no aparecen las listas de tiendas en las que puedes gastar tus créditos. Es horrible que tengas créditos y no sepas en qué gastarlos, la otra Interfaz estaba mucho mejor",2,2026-05-14,0,39,0
Rappi,"no se le puede poner cero estrellas si no se las pondría.... hice un pedido y nunca llego. no se puede hacer nada por que no aparece en la aplicación pero si fue cobrado (mas de 1100, por cierto). no hay en donde más hacer el reporte ni un teléfono....nada son un asco. cero servicio al cliente. obviamente no vuelvo a utilizar su plataforma. De hecho nadie debería de usarla son una estafa",1,2026-05-14,0,73,0
Rappi,estafadores.,1,2026-05-14,0,1,0
Rappi,muestren tiendas donde aplica cupón!!!! como van a quitar ese listado!!!,1,2026-05-14,0,11,0
Rappi,Sin consentimiento me hicieron pagar rappi pro y no me deja cancelar la membresía.,1,2026-05-14,0,14,0
Rappi,super,5,2026-05-14,0,1,1
Rappi,es buena la app,5,2026-05-14,0,4,1
Rappi,gracias siempre puntual y muy amables repartidores,5,2026-05-14,0,7,1
Rappi,Horrible interfaz y servicio,1,2026-05-14,0,4,0
Rappi,excelente app,5,2026-05-14,0,2,1
Rappi,excelente muy rapido los pedidos,5,2026-05-14,0,5,1
Rappi,buen servisoo y rapido tiene todo comida de otro,5,2026-05-14,0,9,1
Rappi,Con su nueva actualización no se puede ver para que lugar son los créditos,1,2026-05-14,0,14,0
Rappi,tardan demasiado en entregar un pedido,1,2026-05-14,0,6,0
Rappi,"de nuevo, horrible servicio, cancelan pedidos y no regresan los créditos, aparte cobraron extra por el pedido",1,2026-05-14,0,17,0
Rappi,"A veces carga, a veces no. Funciona muy mal.",1,2026-05-14,0,9,0
Rappi,"Pésima aplicación, me hicieron cobros que no han devuelto desde el año pasado, escribí por correo y redes sociales y no dan una solución. ¡ESTAFADORES!",1,2026-05-14,0,25,0
Rappi,muy buena,4,2026-05-14,0,2,1
Rappi,Pague un pedido que nunca fue entregado en mi recepción y nunca pude contactar con el repartidor,1,2026-05-14,0,17,0
Rappi,"la estimacion de tiempo es inexacta, la ultima actualizacion empeoró todo. en dos celulares de la misma ubicacion sin pagar prime salen tiendas no disponibles en uno y en el otro si. dice que faltan pocos minutos y se demora mas de quince minutos",2,2026-05-14,0,44,0
Rappi,"Pesima experiencia, me hicieron 2 cobros de su suscripción a rappi pro, incluso despues de haber eliminado la cuenta, entro con soporte y solo me dicen que no me pueden ayudar, si se pudiera no les daba ni una estrella 👎🏻",1,2026-05-14,0,41,0
Rappi,"me gusta la tarjeta pero no se que pasa ya no puedo acceder en la app a rappi card, pido soporte y no me contestan",5,2026-05-14,0,25,1
Rappi,muy importante si no quieres salir o no sabes que comer,5,2026-05-14,0,11,1
Rappi,pedi algo al devoto express a las 7:30 pm y son las 9:27 y aun no me ha llegado. todavía pague para que me llegue mas rápido y han pasado 2 horas! todavía el agente de IA que le responde me dice que no me puede devolver lo que pague para que llegue mas rápido! una burla y falta de respeto total,1,2026-05-14,0,62,0
Rappi,"Desastre de aplicación, me renta mucho más pedidos ya,",1,2026-05-13,0,9,0
Rappi,"es la peor aplicación por lejos, ningún pedido llega a tiempo, la comida llega fría no importa dónde pidas. con pedidos ya nunca tuve estos problemas, por supuesto ya la desinstalo y nunca más la uso.",1,2026-05-13,0,36,0
Rappi,"dios, es tan frustrante, pedí mi comida desde las 5 y ahora a las 7:37 no me ha llegado, INCREIBLE",1,2026-05-13,0,20,0
Rappi,buena,5,2026-05-13,0,1,1
Rappi,"realize una entrega y rappi me monto la deuda que por qué yo había finalizado sin entregar el pedido y me cobraron el pedido. Me comunique con soporte y no soluciona nada, no le ayuda Alós RT dicen que lo lamenta y que me toca pagar el pedido y ya a pasado varias veces y es lo mismo que tristeza que uno se mate trabajando todo el día para que vengan y le quiten la planta al trabajador asi. y el soporte de esta aplicación no sirve para nada la verdad yae han cobrado varios pedidos son justa caus.",1,2026-05-13,0,99,0
Rappi,está bueno y llega a zonas que otras aplicaciones muestran como inalcanzable inclusive estando a 3 cuadras,5,2026-05-13,0,17,1
Rappi,"​Soy usuario de años, pero lo que pasó es inaudito. Por mi movilidad reducida (ando en muletas) tardé 2 minutos en llegar a la puerta y el pedido ya figuraba como ""entregado"". El repartidor se robó el pedido: no me pidió el código de seguridad ni hay foto real de la entrega, solo de una bolsa. ​Lo más grave es que el soporte de la app le cree al repartidor ""por palabra"", ignorando que saltarse el código es una falla de seguridad de ellos. No solo perdí mi dinero cero confianza en esta app",1,2026-05-13,0,94,0
Rappi,TA chido,5,2026-05-13,0,2,1
Rappi,estas aplicaciones son u a catástrofe,1,2026-05-13,0,6,0
Rappi,Pesimo servicio los repartidores mueven constantemente las horas de entrega y cuando llega la comida esta fria o faltante y si es un repartidor de la tienda simplemente no se sabe cuando llegara porque no hay opción de pedir ayuda o colocar un PQR,1,2026-05-13,0,44,0
Rappi,buen servicio,5,2026-05-13,0,2,1
Rappi,excelente,5,2026-05-13,0,1,1
Rappi,"No se que demonios pasó, pero a partir del 11 de mayo nada más no puedo ver a qué tiendas aplican los créditos que me están dando 😭 si de por si es raro que me den créditos, ahora ni siquiera puedo ver a qué tiendas aplican, parece como que de plano no quisieran que los gaste😭😭😭",1,2026-05-13,0,57,0
Rappi,precios elevados en comparación a otras aplicaciones y publicidad engañosa,1,2026-05-13,0,10,0
Rappi,"Siempre lenta, ponen un tiempo de entrega, ya de por si largo, y luego simplemente lo alargan más, parece que hicieran 20 domicilios a la vez. hasta 2 horas para un pedido, es increíble.",1,2026-05-13,0,34,0
Rappi,"No me entregaron producto en mi domicilio y no se quisieron hacer responsables , me robaron",1,2026-05-13,0,16,0
Rappi,Solicite un pedido el cual llego incompleto. El repartidor envió foto de que el producto venia incompleto. yo envié foto de que el pedido venia incompleto y el equipo de soporte no me quizo reembolsar el monto de mi pedido. El servicio va de mal en peor.,1,2026-05-13,0,47,0
Rappi,últimamente rechaza todos los pedidos! y no dan solución!,1,2026-05-13,0,9,0
Rappi,Un desastre no llegan a ningún barrio común solo barrios chetos y centros seguro no sirve esta app gente no se gasten,1,2026-05-13,0,22,0
Rappi,"Nunca se hacen cargo cuando el pedido llega mal, no aceptan los reclamos. Y esto es de siempre, ponen la culpa en el repartidor y no en la empresa. UNA VERGÜENZA. Una vez hubo un doble pago y me pedían un ticket que ellos (rappi) no entrega.",1,2026-05-13,0,47,0
Rappi,"PÉSIMO SERVICIO AL CLIENTE. Encargué un pedido para que me llegara A PARTIR DE LAS 7, porque NO IBA A ESTAR EN CASA. Resulta que llegó a las 6:30, esperó un rato y, obviamente, se fue. Entiendo que no me haya podido esperar, de eso no me quejo, pero si lo estoy pidiendo para que llegue DESPUÉS DE CIERTA HORA ES POR ALGO, NO? Además el repartidor dijo que lo entregó en mi domicilio, lo cual es MENTIRA Exijo mi reembolso que eran 1300 incluyendo mis créditos Rappi. Si no, nos vemos con PROFECO",1,2026-05-13,0,94,0
Rappi,"siendo honestos, ya últimamente solo e usado rappi por la rappicard y pedir una que otra vez porque active una promo de rappi pro de un año a solo 1 peso. sin embargo puedo confirmar que si se demoran demasiado en entregar. Muchas promos me tira error porque ""turbo no cubre mi zona"", y varias promos no se me aplican si pido por la tarde, de a fuerzas tienes que usarlo en la mañana. el soporte se arruinó con la IA esa pedorra, y te cobran por cancelar pedido si no lleva 3/5 horas :(",1,2026-05-13,0,95,0
Rappi,por ahora bien.,4,2026-05-13,0,3,1
Rappi,"muy mala experiencia siempre, me cagan con los cupones, con la plata, con la comida y nunca el soporte da soluciones, me bloquearon la cuenta para recibir y usar cupones siendo que pago rappi pro. nunca más.",1,2026-05-13,0,37,0
Rappi,Un desastre!!! Ponen productos que no hay!!!! Envían con faltantes y no avisan antes y encima no contestan los reclamos. Muy mala aplicación,1,2026-05-13,0,23,0
Rappi,contratan ladrones para reparto y no se hacen cargo,1,2026-05-13,0,9,0
Rappi,te cobran algo que no pedi,1,2026-05-13,0,6,0
Rappi,"Los pedidos se demoran demasiado en ser entregados, el problema radica en qué le asignan muchos pedidos a un solo repartidor y a ellos les toca esperar en el restaurante a qué el pedido este listo y algunas veces les asignas pedidos de restaurantes diferentes.",1,2026-05-13,0,45,0
Rappi,llevo 2 días esperando atención del personal banker de RappiPay y nada que me atienden,1,2026-05-13,0,15,0
Rappi,"Impossible to order I want to pay cash, but the app refuses to enable this option. And there's no point in trying to use my foreign issues credit cards because they never work in Colombian online solutions.",1,2026-05-13,0,37,0
Rappi,la mejor app en Argentina!!!,5,2026-05-13,0,5,1
Rappi,"mucha publicidad y ventanas emergentes, parece quea estan programanado centennials neuroticos adictos a tick tock",1,2026-05-13,0,15,0
Rappi,pésimo 3 pedidos llevo tratando y lose los cancelas después de 40 min me quedé sin cenar ...,1,2026-05-13,0,18,0
Rappi,no me acepta ningún método de pago y mis datos están todo raro,1,2026-05-13,0,13,0
Rappi,"Una completa falta de respeto, realaciona mi ubicación de forma errada y me genero deuda por más 70.000 pesos del pedido siendo culpa de ellos, pero quienes pagan las fallas de ellos somos nosotros como consumidores, restaurantes y los honestos y serviciales domiciliarios pagan el costo ya sea en producto según me contó uno de ellos o recorriendo más trayectos.",1,2026-05-13,0,60,0
Rappi,"decepción total, hay que rogar al cielo que el pedido llegue, no le recomendaron a nadie el uso de esta app, solo si quiere pasar malos ratos.",1,2026-05-13,0,27,0
Rappi,Cool,4,2026-05-13,0,1,1
Rappi,"De lo peor , trate de darle una oportunidad pero no vale la pena , me quedo con pedidosya",1,2026-05-13,0,19,0
Rappi,Nunca llego mi pedido,1,2026-05-13,0,4,0
Rappi,"Pésimo! da miedo hacer pedidos, no entregan lo que dicen.... No tiene soporte correspondiente, A Rappi no le interesa el cliente!! Los créditos son debitados son ninguna causa, cierran una conversación de soporte sin motivo y no dan oportunidad a nueva respuesta. El soporte humano es agresivo y muchas veces sin soluciones. Es muy difícil conectar con una persona, siempre es automático y con poca precisión.",1,2026-05-13,4,66,0
Rappi,"Más de una hora esperando, para que la comida llegue fría, el repartidor siempre está haciendo otro pedido en vez del tuyo, pésimo servicio NO LA INSTALEN.",1,2026-05-13,0,27,0
Rappi,Tengo problemas con un pedido lo cual no me fue entregado pero figura que si y ya me contacte con el local lo cual lo aclaro desde soporte con ustedes y ustedes le contestaron. Uqe para mi devolución deben contactarme y estoy esperando su msj o llamado para que verifiquen este error,1,2026-05-13,0,52,0
Rappi,demora!,1,2026-05-13,0,1,0
Rappi,"Varias veces me ha llegado la comida fría, también me ha tocado cancelar el pedido por que el repartidor se demora en recoger el pedido. Ni pagando por la entrega rápida se agiliza el pedido, hace poco pedí una hamburguesa para entrega rápida, pague el adicional, propina y envío. Pasaron 45 minutos, quise cancelar y me cobraban el pedido completo. Escribí a soporte, me enviaron un enlace para seguimiento del repartidor y no se movía. Un pedido a menos de 1 km de mi casa.",1,2026-05-13,0,85,0
Rappi,pésimo,1,2026-05-13,0,1,0
Rappi,no se para que meten los rappi puntos si ni los puedo usar 🙄🙄,1,2026-05-13,0,14,0
Rappi,"asquerosa, ningún repartidor acepta hasta que le pongas casi casi el 200% de propina. Le doy a la me salvaste y nadie acepta, le doy a la héroe y nadie acepta. El primer repartidor canceló mi entrega y no hay manera de sancionarlo. Regulen a sus repartidores, pésimo servicio.",1,2026-05-13,0,49,0
Rappi,"me dieron 100 créditos, pero no me dice para que tiendas aplica, solo me marca ""solo productos seleccionados"" pero no me dice cuáles son",1,2026-05-13,0,24,0
Rappi,"Horrible, han empeorado demasiado sus servicios. -Pagas una membresía y aún así te siguen haciendo cobros adicionales. y si tú pedido no supera cierto límite igual te cobran el domicilio!! -NO HAY SOPORTE, NO HAY CHAT, NO HAY WHATSAPP. No vas a encontrar ayuda cuando lo necesitas! -NO TE ASIGNAN REPARTIDORES Y TE HACEN ESPERAR MÁS DE 3 HORAS PARA NUNCA ENVIAR TU PEDIDO. LO PEOR!!!!!!!!!!!!! 👎🏻👎🏻👎🏻👎🏻👎🏻👎🏻👎🏻👎🏻👎🏻",1,2026-05-13,0,67,0
Rappi,bien,5,2026-05-12,0,1,1
Rappi,excelente aplicación,5,2026-05-12,0,2,1
Rappi,"no ajustan los cobros me quedaron a deber aproximado a $10 y nadie resuelve, hice cuentas con el ticket el total del servicio + productos y propina y el ajuste por producto agotado en la cuenta de mi credito no se ajusto correspondientemente. tengo ticket, calculadora y cuenta reciente con la anterior y hay un pendiente de dinero faltante que ya ustedes no me lo pagaron 😡",2,2026-05-12,1,67,0
Rappi,Las devoluciones tardan demasiad0,1,2026-05-12,0,4,0
Rappi,genial y rappida,5,2026-05-12,0,3,1
Rappi,en definitiva ya no hay cálidad de servicio como pido algo para otra persona llegan al lugar y ni 8 minutos pasar y cancelan el servicio y enseguida cobran el servicio completo pésimo me parece,1,2026-05-12,0,35,0
Rappi,excelente,5,2026-05-12,0,1,1
Rappi,son unos rateros no se si es la aplicación o sus repartidores pero a mí me cobraron un pedido de 250 pesos que nunca recibí es una basura y prefiero ir a comprarlo que esperar su larga espera y luego para que te roben son un asco,1,2026-05-12,0,47,0
Rappi,todo excelente,5,2026-05-12,0,2,1
Rappi,PESIMO!! HICE UN PEDIDO DE $680 EL CUAL SE CANCELO POR QUE NO HABIA EL PRODUCTO QUE PEDI Y ME REEMBOSARAN $57 NADA MAS!!! ES UN ROBO!!!,1,2026-05-12,0,27,0
Rappi,excelente app,4,2026-05-12,0,2,1
Rappi,bueno,5,2026-05-12,0,1,1
Rappi,tuve problemas con uno de sus repartidores mandé mi queja y no te solucionan nada,1,2026-05-12,0,15,0
Rappi,"Meten los restaurantes con cobertura extendida para nada, de los supuestos +270 restaurantes en tu área, más de 200 son cobertura extendida, lo cual no sería malo si funcionara correctamente, ninguno de esos restaurantes deja seguir de el pago, todos dicen que está fuera de cobertura, entonces para que lo muestran? Edit: Ya lo corrigieron. Muchas gracias 🫂",5,2026-05-12,0,58,1
Rappi,"Cada vez rappi encuentra una manera nueva de decepcionarme, cada que pido comida fuera de horario de ""alta demanda"" misteriosamente a la hora de asignar rappi empieza con su escusa de ""alta demanda"" como es eso de que pido a las 11:30 am mi almuerzo y que sean ya las 2:00 pm y nisiquiera me han asignado un rappi?! y para el colmo el disque link de ayuda que dejaron como respuesta no sirve",1,2026-05-12,0,74,0
Rappi,"demasiadas notificaciones!!!! ""tu rapi llego al rest"" ""tu rapi recogió tu pedido"" ""tu rapi va a tu casa"" ""tu rapi llega en 5 min"" ""3 min"" ""2 min"" ""1 min"" ""1 min"" "" 1 min"" "" tu rapi esta apunto de llegar"" ""baja ya que tu rapi ya mero llega"" "" baja ya"" pedí una pizza no 32 notificaciones!",1,2026-05-12,0,59,0
Rappi,últimamente está muy malo el servicio ya van como tres veces que los pedidos se demoran más de una hora para que me llegue el pedido. me cambian la hora de entrega de 2 a 3 veces .,1,2026-05-12,0,38,0
Rappi,"Ni siquiera puedo instalarla, se queda en el 96% y de ahí sale que no es posible instalarla. Por un momento pensé que era mi cel, pero baje didi food y Uber eats después y sin problema",1,2026-05-12,0,37,0
Rappi,exelente,5,2026-05-12,0,1,1
Rappi,"Siempre muy amables los chicos, y en horario.",5,2026-05-12,0,8,1
Rappi,"publicidad engañosa, te dicen que tú primer pedido el combo te sale 5k y cuando instalas la app y te registras dicho combo no existe. es más ese combo está 5 veces más su valor. 20k me querían cobrar un paty solo, un desastre, más caro que pedidosya",1,2026-05-12,0,48,0
Rappi,me equivoque en la dirección de mi pedido y ahora no me deja ni cambiar la dirección ni cancelar el pedido,1,2026-05-12,0,21,0
Rappi,"muy mala mi experiencia. hice un pedido. lo pague por PSE. de nequi. me. lo descontaron del nequi. el pedido llegó a mi casa, y resulta que no lo entregan por qué la aplicación dice que deben pagar. saben que la transferencia la hice antes de solicitar por qué en la PP me salió que debía cancelar primero mi pedido. entonces. me parece. muy mal hecho que me quieran cobrar dos veces y fuera de eso, no hay soporte técnico para que le atiendan a uno la solicitud. fuera de eso me llega un mensaje",1,2026-05-12,0,95,0
Rappi,cómodo y rápido,5,2026-05-12,0,3,1
Rappi,good,5,2026-05-12,0,1,1
Rappi,"hice un pedido , nunca llegó y nadie me dio respuesta",1,2026-05-12,0,11,0
Rappi,Bien,5,2026-05-12,0,1,1
Rappi,Ahora le doy 1 estrella porque ahora su chat de soporte es ineficiente. Los asesores finalizan el chat y no se notifica si hubo respuesta por el reclamo. Y no se puede reabrir el chat. Cuando quiero entrar a ayuda de nuevo se muestran los chat cerrados como activos y no puedo volver a escribir a soporte y tampoco se puede finalizar el chat. Por eso no puedo reclamar un cobro adicional que me hicieron por productos que no me entregaron,1,2026-05-12,0,81,0
Rappi,Uso rappipro y me cobraron a nequi y también a mi tarjeta de crédito. No hay panel de ayuda para esto en la app! cómo hago un reclamo?,1,2026-05-12,0,28,0
Rappi,los $5 mil de credito de Marriott son una mentira,1,2026-05-12,0,10,0
Rappi,es una vergüenza el servicio. no me aplicaron el descuento y no me dejan anular el pedido,1,2026-05-12,0,17,0
Rappi,cómo es que una aplicación tan grande no tenga soporte técnico???,2,2026-05-12,0,11,0
Rappi,Excelente,5,2026-05-12,0,1,1
Rappi,Muy estble,5,2026-05-12,0,2,1
Rappi,"pésimo servicio literalmente estuve esperando 2 horas por mi pedido y tuve que cancelarlo,para después enterarme que para reembolsar se demoran de 10-15 días horrible servicio",1,2026-05-12,0,26,0
Rappi,excelente app,5,2026-05-12,0,2,1
Rappi,"Hola ,me pidieron cancelar un pedido, se me cobró, peronoi ne reembolsaron ¿cómo puedo comunicarme con ustedes?",1,2026-05-12,0,17,0
Rappi,"Mala atención. Pedidos incorrectos, debitan el dinero, aun cuando el error es de ellos y de los repartidores.",1,2026-05-12,0,18,0
Rappi,"pésimo servicio, no entregan los productos al tiempo que indican, los motorizados reciben varios pedido a la vez de diferentes restaurantes demorando la entrega de los productos mas de lo que deberia, llegando en mal estado",1,2026-05-12,0,36,0
Rappi,exelente,5,2026-05-12,0,1,1
Rappi,"buena app,sencilla y muy facil de entendér a la vez que es económica 😎👈👍",5,2026-05-12,0,14,1
Rappi,"literalmente me robaron. pague un pedido a 100.000 pesos, el pedido llegó incompleto, supuestamente actualizado a un precio de 67.000 , y la aplicación decia que se me devolverían 32.000 pesos. nunca llegó ninguna devolución, y cuando hice el reclamo, solo respondieron que no es posible ofrecer una compensación por sus políticas de reembolso. literalmente me robaron 32.000 pesos. nunca más uso la aplicación, estafa total.",1,2026-05-12,1,66,0
Rappi,muy bien,5,2026-05-12,0,2,1
Rappi,Un asco de aplicación que te cobra por verificar tu tarjeta y no te devuelve el dinero estafadores!! Además te estafan con los precios de los restaurantes les ponen el doble de precio en muchos restaurantes y luego dicen que te hacen dscto cuánto es el precio real de siempre que hay en tienda. tambien si la tienda no tiene tu producto se quedan con tu dinero y no te hacen reembolso y además no se puede hablar con nadie,1,2026-05-11,0,80,0
Rappi,"desde que integraron la IA como soporte al cliente la aplicación se vino a bajo hay cobros excedentes que no te resolveran porque así está programado, solo te dará instrucciones a seguir que llevan a callejones sin salida o a opciónes inexistentes",1,2026-05-11,0,42,0
Rappi,"mucho ojo con los de rappi andan robando por consignaciones, le envia por PSE y ellos cancelan el pedido estando el restaurante funcionando y no hacen su respectiva devolución y tras de eso me bloquearon la cuenta y no me deja entrar si son bien ratas",1,2026-05-11,0,46,0
Rappi,"Los horarios de entregan son fatales, se demoran horas y cambian muchas veces la hora de entrega; es mejor Uber eats en los horarios",1,2026-05-11,0,24,0
Rappi,"me descontaron 974$ y después 98$ de mercado pago y no se puede recuperar,me robaron.😡",1,2026-05-11,0,15,0
Rappi,excelente,5,2026-05-11,0,1,1
Rappi,buena appp,5,2026-05-11,0,2,1
Rappi,"Demoran en exceso, cuatro horas esperando un pedido y no me dejan cancelar la orden. una exageración, no vuelvo a usar la app",1,2026-05-11,0,23,0
Rappi,"Muy mal servicio, sus promociones es no las cumplen. Su atención al cliente no te resuelve nada Ahora se tiene que pagar extra para ser el primero en las entregas",1,2026-05-11,0,30,0
Rappi,demoran 4 horas para entregarte el pedido y no te devuelven el dinero si cancelas el pedido,1,2026-05-11,0,17,0
Rappi,odio rappi. no cumplen con los tiempos. uno paga por entrega prioritaria y se tarda mas que si fuera entrega normal. y obviamente se roban el excedente de tarifa prioritaria por que no te lo regresan. el detalle del pedido suma un monto pero el total del cobro es mayor a la suma de los detalles. y para eso si que no hay asistencia. de verdad deseo que ojala cambien algun dia,1,2026-05-11,0,72,0
Rappi,no es posible que hagan cargos aleatorios en 5 segundos y tarden 10 dias en devolver ese dinero,1,2026-05-11,0,18,0
Rappi,"La peor aplicación de todas, solo la uso porque es la única que funciona con la tarjeta Edenred. Pero NO la recomiendo a nadie, un asco",1,2026-05-11,0,26,0
Rappi,Se fue de baja esta aplicación los rappitendero hacen lo que quiera cogen el pedido y cuando se le da la gana lo van a recoger un pedido de 1hora y no se puede cancelar porque siguen aumentando el rango de entrega,1,2026-05-11,0,42,0
Rappi,Me cobran algo que no me trajeron mismo tengo el ticket de lo me cobraron y no me dan ninguna solucion y es $30.000 lo que me cobraron de mas,1,2026-05-11,0,30,0
Rappi,"pésima app siempre desde que la tengo puros problemas y ya se me quitó la maña de pedir, ya la desinstalé porque me cobraron un servicio supuestamente cancelado que se pagó en efectivo y me cobraron luego a mi tarjeta, rappi no respondió ni hizo reembolso de mi dinero, a pesar que hice reclamación y que subí evidencia de que si se me entregó la comida. NO LA USEN",1,2026-05-11,0,69,0
Rappi,horrible un robo te integran a rappi pro sin aviso,1,2026-05-11,0,10,0
Rappi,Un desastre x 2. desepcionan una y otra vez,1,2026-05-11,0,9,0
Rappi,pésimo servicio,1,2026-05-11,0,2,0
Rappi,muy buen servicio 👍,4,2026-05-11,0,4,1
Rappi,hasta el momento bien,5,2026-05-11,0,4,1
Rappi,"Asco de servicio, hice un pedido para mi hora de almuerzo en el trabajo, 70MIN ESPERANDO EN VANO PARA QUE ME LO CANCELEN POR ""problemas tecnicos""... perdi mi hora de almuerzo por que no me dejaba cancelar el pedido sin cobrarme, siempre tarde, ahhh pero para cobrar son buenos los desgraciados",1,2026-05-11,1,51,0
Rappi,"éxitos ,.~real",5,2026-05-11,0,2,1
Rappi,"últimamente muy floja, pido turbo, tardan de más y no pasa nada. lo mismo si pagas para acelerar el envío, viene una hora después y no sirve de nada. anda floja la app, no te compensan estas cosas.",1,2026-05-11,0,38,0
Rappi,llevo problemas con rappi siempre que hay un problema me dicen que mandé una foto y describa mi problema pero no solucionan nada y al final ni responden ya no es como antes que podías hablar con una persona encargada de el soporte de rappi para que te ayudará ahora tienes que esperar a que se les dé la ganas de responder y a la final muchas veces no terminan resolviendo tu problema,1,2026-05-11,0,73,0
Rappi,"Un desastre... La app se cuelga, se cierra sola. Y te prometen cosas por pagar ""rappi pro"" que después no te dan. (Como los cupones de 15mil). Y cuando tenés algún problema, olvídate de hablar con alguien. Solo te contesta un chat bot de lo más inútil. Nunca te solucionan nada. Y ojo con pagar con débito, que si el pedido figura como ""entregado"" pero a vos no te llegó, nadie se hace cargo. Te roban...",1,2026-05-11,0,76,0
Rappi,malvado su servicio,1,2026-05-11,0,3,0
Rappi,cada vez peor no deja validar tarjetas no podés hablar con nadie solo con un bot mal el mapa de seguimiento...no hay chat de soporte en la app solo la ayuda que no sirve y al link no puedo ingresar,1,2026-05-11,0,40,0
Rappi,buenardo,5,2026-05-11,0,1,1
Rappi,todo bien,4,2026-05-11,0,2,1
Rappi,bien de bien,5,2026-05-11,0,3,1
Rappi,de lo peor ME CANCELARON 2 PEDIDOS ....y el tercero me tuvieron paseando desde la media noche hasta 2 am y nunca llego mi pedido.....de lo peor.,1,2026-05-11,0,27,0
Rappi,horrible experiencia y estoy listo para desinstalar nunca tuve apoyo o respuesta sobre un repartidor que me canceló mi pedido aún cuando yo ya lo había recibido y el muy hdp le cobró en efectivo ya que en la aplicación no sé reflejaba el cobro a mi tarjeta............ minutos después se refleja el cobro ya que revisé mi banca.... quise contactar al repartidor para que me devolviera mi efectivo que le di a la mano. y misteriosamente no volví a saber de él.,1,2026-05-11,0,83,0
Rappi,no me aparece nada,1,2026-05-11,0,4,0
Rappi,tampoco fui yo fue alguien mas que utilizo mi cuenta,1,2026-05-11,0,10,0
Rappi,no resuelven nada,1,2026-05-11,0,3,0
Rappi,"Pésima aplicación pese a ser usuario pro, es ilógico que una hamburguesa de McDonald's tarde casi 2 horas en prepararse, y 20 pesos no compensan mi tiempo perdido.",1,2026-05-11,0,28,0
Rappi,lo peor demoraas q un restaurante pero q se espera,1,2026-05-11,0,10,0
Rappi,"Hace unos días me empezaron a llegar promociones de precio, también llegaban promociones por el canal de WhatsApp, pero rappi no me vale ninguna promo, todo funcionaba bien pero de un momento a otro ya no y los precios son más elevados a tienda. no hay manera de contactar un asistente humano tampoco, solo tienes derecho a pedir ayuda una vez, por qué pasando de esa vez cualquier tema que tengas, en el apartado de soporte si le das en contactar un agente , te lleva al último ticket cerrado.",1,2026-05-11,0,90,0
Rappi,"pésimo aplicativo de delivery, como es posible que tiempos de espera de +2 horas...un total asco !!",1,2026-05-11,0,17,0
Rappi,es muy buena que belleza,5,2026-05-11,0,5,1
Rappi,"Un asco! Llevo esperando mi pedido 3 HORAS! Solicité mi pedido a las 4:28pm, supuestamente llegaba a las 5:45pm aproximadamente. La app ha ido dilatando y actualizando la hora de entrega en varias oportunidades. Son las 8:31pm y el estado aún es que ni siquiera lo han recogido de tienda y la app señala como última hora de entrega 7:41pm! Estoy tratando de contactarme con la repartidora pero no contesta ni por mensaje ni por llamada, de igual forma con el equipo de Rappi, solo contesta una IA!",1,2026-05-11,0,88,0
Rappi,excelente,5,2026-05-11,0,1,1
Rappi,pésimo servicio,1,2026-05-11,0,2,0
Rappi,"Me acaba de robar, solicite un domicilio y lleva ya casi 2 horas y cuando voy a cancelar no hay reembolso. Ya han aparecido 3 Rappi en el lugar y todos cancelaron al llegar al recoger el pedido. El establecimiento es KFC. Mal servicio por parte de Rappi. pésimo...",1,2026-05-11,0,49,0
Rappi,"me gusta mucho esta aplicación,me la recomendo mi hermana y sinceramente me ha sido muy útil demoran un poco en llegar algunas cosas pero algunas otras si que llegan bastante rápido asta ahorita ni un problema con la aplicación",5,2026-05-11,0,39,1
Rappi,buena,5,2026-05-11,0,1,1
Rappi,"Es mi primer problema con un pedido y me salen con la tontería de que ""las fotos no cumplen con las condiciones"" y las fotos se ve que el pedido esta mal.",1,2026-05-11,0,32,0
Rappi,cuando mejorarán la experiencia para celulares plegables se ve gigante y no se puede escoger nada.,1,2026-05-11,0,16,0
Rappi,la peor aplicación,1,2026-05-10,0,3,0
Rappi,buen servicio,5,2026-05-10,0,2,1
Rappi,Los domicilios son muy demorados. el app es difícil de poner reclamaciones.,2,2026-05-10,0,12,0
Rappi,"Todo bien, aunque te dice que vienen a una y después se atrasan.",4,2026-05-10,0,13,1
Rappi,"NO USEN ESTE APP. Los repartidores son unos ladrones. Pésimo servicio. Hoy hice un pedido por el día de la madre, y el rappi puso como que ya había dejado el pedido y no me ha entregado nada. Le he estado reventaneo el teléfono y dice que se equivocó. Lo peor de todo es que ya me cobraron como si hubiese recibido el pedido. Pésimo servicio y atención. NO LO USEN.",1,2026-05-10,0,71,0
Rappi,"deberían de ser más cautelosos con los repartidores que contratan últimamente me han tocado puros repartidores groseros se ve que les pesa hacer su trabajo, te entregan de mala gana o cancelan de último momento. Les estás dando una buena propina y todavía actúan así",1,2026-05-10,0,45,0
Rappi,es un problema poder abrir la aplicacion. siempre queda como cargando pero no aparece mas que el logo de rappi por horas y cuando logró hacer un pedido es el mismo problema para ingresar nuevamente a la aplicacion y poder ver alguna actualización de mi pedido,2,2026-05-10,0,46,0
Rappi,"Deben tomar en serio las quejas del usuario... Y evaluar mejor a sus repartidores, porque muchos dañan los productos y quieren que uno los reciba así, no deben permitir que la misma persona trabaje de nuevo. Debe haber más seguridad con los productos y mejor monitoreo.",2,2026-05-10,0,46,0
Rappi,"Pésimo servicio, un pedido se demora más de dos horas, la comida llega fría, ademas que le dan prioridad a otros pedidos aún cuando se solicita primero, el repartidor se demora haciendo más pedidos, no recomiendo usar el App, por mi parte no la sugiero, me hubiese salido más económico en dinero y tiempo ir yo mismo a la tienda y comprar directamente el producto. Comparto mi opinión, para que se prevengan de realizar pedidos.",1,2026-05-10,4,75,0
Rappi,"cuando uno tiene problemas con algún pedido no lo atiende nunca un asesor, puros bots",1,2026-05-10,0,15,0
Rappi,todos los restaurantes con alta demanda y solo disponibles para recoger en tienda ????,1,2026-05-10,0,14,0
Rappi,la peor app llevo 3 horas esperando mi pedido y cada vez más suben la hora de entrega me parece demasiado mala la app la verdad ya no vuelvo a pedir van varias veces que pasa esto y nadie soluciona,1,2026-05-10,0,40,0
Rappi,"la tienda estaba cerrada y en la aplicación decía que estaba abierta, no le dejaron cancelar a la tienda el pedido y cuando cancelé la orden igual me cobraron incluso cuando mandé evidencia y ellos tienen los registros del chat con la tienda, entiendo que cobren lo de domicilio, pero no lo de los productos que nunca se hicieron por lo tanto no era pérdida de la tienda",2,2026-05-10,0,68,0
Rappi,no me sale la ubicación del repartidor,1,2026-05-10,0,7,0
Rappi,es una basura.... estoy llenando los datos y se cierra todo y vuelvo a llenar todo y se cierra es muy complicada la app 🤮🤮🤮🤮🤮🤮🤮,1,2026-05-10,0,25,0
Rappi,"sus promociones como ofertas, artículos en promoción, créditos, cashback y reembolsos son una farsa. Pides algo y no hay porque no actualizan la disponibilidad en tiendas, los créditos nunca aplican, el cashback no existe y cuando te llega un pedido erróneo o incompleto no te solucionan ni reembolsan. Pésimo servicio, son unos estafadores!",1,2026-05-10,2,53,0
Rappi,"Muy mala, hice un pedido a las 17:15. me llegó 18:05. pague más para que me llegue más rápido, el pedido era a 5 cuadras, todo frío.UN DESASTRE",1,2026-05-10,0,28,0
Rappi,"DE LO PERO CUANDO PIDES REEMBOLSO YA SEA POR QUE NO LLEGA TU PEDIDO O EL TIEMPO DE ENTREGA ES MUY TARDE NO TE LO DEVUEVEN SE QUEDAN CON TU DINERO,150 SOLES AL AGUA,NUNCA DAN SOLUCIÓN NO MERECEN NI UNA ESTRELLA 👎😡",1,2026-05-10,0,42,0
Rappi,"la peor aplicación de Domicilios, más de 3 horas para un pedido y lo peor aún es que después de las 3 horas aún no lo entregan. Nada recomendable",1,2026-05-10,0,29,0
Rappi,"NO ENTREN AL LINK, DICEN LAS MISMAS EXCUSAS. ES UNA PÉRDIDA DE TIEMPO. EL REPARTIDOR LE ECHA LA CULPA A LA APP Y LA APP AL REPARTIDOR DE UN REEMPLAZO DE PRODUCTO EL DOBLE DE CARO. ES UNA APLICACIÓN PELIGROSA EN TEMAS DE SUPERMERCADO PORQUE UNILATERALMENTE DECIDEN EL REEMPLAZO Y TE LO ROBAN DE LA TARJETA. Y NO SE HACEN RESPONSABLE. ESTA APP ROBA.",1,2026-05-10,0,64,0
Rappi,"Esra app No validan los negocios y hay mucha estafa y la misma app no se hace responsable, para que el delivery se libere de tu pedido debe hacer la finta de que te lo lleva y cuando está cerca coloca que no te encontró y listo el estafador se cobra porque supuestamente entrego el.producto al delivery pero no hay un botón donde el delivery diga que no recibió el producto porque el estafador no tiene lugar de entrega.",1,2026-05-10,0,79,0
Rappi,"Hoy hice una compra en el Turbo Market de Rappi. Uno de los productos me vino abierto (dentro de la bolsa cerrada de Rappi), manipulado por una persona. Cuando hice el reclamo y empecé a hablar con el soporte, me cerraron el chat. Lo reabrí y me mintieron diciendo que me iban a hacer el reembolso (parcial) del producto. Reclamé que no lo hicieron y me dijeron que no había ningún reembolso asociado al reclamo. Toda una estafa. Sigo esperando respuesta. No confíen en Rappi.",1,2026-05-10,1,85,0
Rappi,"soporte con IA completamente inutil, servicio desastroso, pagas una subscripcion mensual para que les chupes 1 huevo.",1,2026-05-10,0,17,0
Rappi,"cambio mi calificación a 1 estrella,soy rappi pro,hice un pedido ayer por el cual estuve esperando casi 5 horas,el pedido jamás llegó,los moderadores HUMANOS,se hicieron los locos y cancelaron mi pedido LUEGO DE 5 HORAS DE ESPERA,no fue el restaurante porque hice el mismo pedido desde otro aplicativo y llegó a los 30 minutos,una desgracia!",1,2026-05-10,0,55,0
Rappi,"pésimo servicio, te cancelan las órdenes sin tu autorización, les pides que le den prioridad a tu pedido ya que pagaste un extra para que se priorice y al final cuando los presionas para que cumplan con la prioridad solicitada por la cual pagaste que ya llevas dos horas de retraso te cancelan tu pedido sin tu autorización",1,2026-05-10,0,58,0
Rappi,"La verdad es una aplicación malísima cambie mi ubicación 3 veces en 3 ocasiones distintas y nunca ""hay vendedores "" . En la costa argentina, en Córdoba y en mi casa , nunca hay vendedores. Le pongo una estrella pq no se puede poner menos",1,2026-05-10,0,45,0
Rappi,bien,5,2026-05-10,0,1,1
Rappi,"la app de la comida fria, dan un tiempo estimado que invariablemente va a ir aumentando, en pedidos que ya llevan media hora o más en la moto bicicleteria o lo que sea que estén repartiendo",1,2026-05-10,0,36,0
Rappi,excelente servicio,5,2026-05-10,0,2,1
Rappi,Buena,5,2026-05-10,0,1,1
Rappi,"porque no hay una app solo para la tarjeta de crédito, no existe una opción para agregar una tarjeta de crédito para pagar otra tarjeta bancaria?? nadie responde en soporte... segun la IA si se puede pero no existe la opción. pfff...",1,2026-05-10,0,42,0
Rappi,"no me salen promociones en mi cuenta, no me puedes cobrar tanta plata solo por desinstalar e instalar la aplicación",1,2026-05-10,0,20,0
Rappi,la demora de los repartidores a comparación de otras aplicaciones es demasiada,1,2026-05-10,0,12,0
Rappi,"Pésima app sin servicio al usuario, repartidores ladrones muchos restaurantes ya no tienen convenios con ellos. Entregas de mas de 3 horas con restaurantes a 30 min, es lo peor",1,2026-05-10,0,30,0
Rappi,"te obliga a tener la versión más cara para asegurar que tus pedidos lleguen en el tiempo que ellos estipulan, el servicio al cliente lo gestiona un chat bot que no sirve para nada",1,2026-05-10,0,34,0
Rappi,horrible no llegan a todos lados un bajón,1,2026-05-10,0,8,0
Rappi,malisima,1,2026-05-10,0,1,0
Rappi,me encanta aunque si pueden ser como Pedidos Ya que tiene más cosas,5,2026-05-10,0,13,1
Rappi,Muy mala atención al usuario a mi me. Cobraron doble un pedido hize todo el proceso para la devolución de mi dinero y no me soluciona nada y mi plata esta perdida muy mal atención. Al. Cliente pésima,1,2026-05-10,0,38,0
Rappi,"app fea, me robaron 11mil pesos 🐀 🐀 🐀 🐀",1,2026-05-10,0,10,0
Rappi,"NO descargen esta app me defraudo en 28mil pesos, nunca obtube devolucion, y el soporte técnico no sirve para nada. ESTO ES UNA GRAN ESTAFA. uber eats es excelente, para que no pierdan tiempo con esta app fraudulenta.",1,2026-05-10,0,38,0
Rappi,"Hace unas semanas hice un pedido que llego incompleto y no obtuve respuesta a pesar de que levante la queja, les falta compromiso (Rappi) hacía los consumidores",1,2026-05-10,0,27,0
Rappi,han pasado dos semanas y sigo esperando mi reembolso,1,2026-05-10,0,9,0
Rappi,"Mala experiencia con soporte, no resuelven y solo copian y pegan un guión preestablecido con lo que no logran resolver, y deshumanizan la atención al cliente con bots. Pésimo servicio en general, mejor es Pedidos Ya.",1,2026-05-10,0,36,0
Rappi,"Cuidado: Hacen cobros no autorizados en la tarjeta de crédito registrada, con supuestas suscripciones que nunca autorizaste.",1,2026-05-10,0,17,0
Rappi,genial,5,2026-05-10,0,1,1
Rappi,pop,5,2026-05-10,0,1,1
Rappi,"HORRIBLE, pedí 2 veces, la primera tuve problemas con el establecimiento y la app me daba la opción de pedir ayuda a un asesor, el restaurante queria que yo cancelara pero si lo hacia no me devolvian el dinero cuando ellos no tenian los insumos para prepararlo, la segunda vez cambio el delivery como 4 veces, deberian mejorar sus reglas y ser mas estrictos tanto con locales como repartidores, dan un precio para que llegue mas rapido y no lo cumplen",1,2026-05-10,0,81,0
Rappi,"la desinstalé. directamente no sirve, pedí una hamburguesa y me llegó cuálquier cosa en mal estado sin papas ni gaseosa y encima la bolsa rota adentro de otra bolsa, y me comunique con soporte y jamás me dieron una respuesta ni solución y eso que adjunte imagenes y pruebas!!!!! malísimo, nunca más la vuelvo a usar",1,2026-05-10,0,56,0
Rappi,SIGO ESPERANDO MI REMBOLSO DESDE HACE 10 DIAS!,1,2026-05-10,0,8,0
Rappi,no es la original,1,2026-05-10,0,4,0
Rappi,Bien,5,2026-05-10,0,1,1
Rappi,bien 10,5,2026-05-10,0,2,1
Rappi,cada vez que intento hacer un pedido en esta App falla nunca te resuelven los problemas y hasta te hacen pagar si es que el pedido no llega. un desastre total. pésima experiencia de un año para acá,1,2026-05-10,0,38,0
Rappi,"me llegaron productos diferentes, no me devolvieron el dinero y no se hicieron cargo",1,2026-05-10,0,14,0
Rappi,algunos repartidores se roban los pedidos. toman foto afuera Pero nunca preguntan ni se acercan a entregarlo. llaman de un número Pero sale como spam. y rapi no te reembolsa ni nada,1,2026-05-10,0,32,0
Rappi,es mi primera vez,4,2026-05-10,0,4,1
Rappi,"literalmente cuando haces pedidos y el restaurante cancela o tú cancelas te dicen que tú dinero te lo devolverán en 30 días hábiles es exageradamente demasiado en Didi food es inmediato y buena suerte si quieres contactar a soporte para algún reclamo porque que creen ? no existe, solo te mandan con bots, te roban descaradamente",1,2026-05-10,0,56,0
Rappi,bueno,5,2026-05-10,0,1,1
Rappi,porquería de app mi pedido nunca llego se pasearon de repartidor entre repartidor y aumentaba el tiempo de espera 4 horas para comprar 3 pizzas y ni llego que asco de app hace perder el tiempo,1,2026-05-10,0,36,0
Rappi,"Sumamente molesto que insistan en la contratacion de su tarjeta y no te permita utilizar la app si no la contratas, pesimo",2,2026-05-10,0,22,0
Rappi,"ha bajado muchísimo la calidad. tengo 2 semanas recibiendo pedidos de rest. con 2 horas de retraso por mas que pagué por que llegue rápido. Pido factura por la app y no me la mandan. Estoy cansado de pedirle al motorizado que les recuerde pero aveces ni eso. nunca hay nadie con quien hablar, ni opciones para poner mi queja. Al final salgo perjudicado ppr todos lados.",1,2026-05-10,0,67,0
Rappi,Terrible no quiero al abrir una cuenta para realizar pedidos material publicitario y si no acepto no puedo proceder a iniciar sección lo peor por eso me voy a pedir a pedidos ya,1,2026-05-10,0,33,0
Rappi,Tardan horrores en entregar los pedidos.,2,2026-05-10,0,6,0
Rappi,Terrible App,1,2026-05-10,0,2,0
Rappi,"Al principio cuando pedí por primera vez todo me llegó perfecto y al precio que era, luego cuando veia el precio del producto aumentaba ya cuando había realizado el pedido",2,2026-05-10,0,30,0
Rappi,"Desde que pusieron el.cobro de entrega prioritaria, los pedidos normales tardan más de una hora en llegar aunque el restaurante esté cerca. Te obligan a pagar más para poder tener un servicio decente. Asco de servicio.",1,2026-05-10,0,36,0
Rappi,bravazos recomendado,5,2026-05-10,0,2,1
Rappi,está mal más o menos por qué no me deja pagar en efectivo,1,2026-05-10,0,13,0
Rappi,"tengo una queja muy fuerte con posible pierde de cliente, cancela un pedido rapido y me lo cobraron todo quiero que me debuelvan mi dineroooooo ayudaaaa?",1,2026-05-10,0,26,0
Rappi,La app no carga,1,2026-05-10,0,4,0
Rappi,el repartidor marcó como entregado mi pedido y nunca me llegó y solo me reembolsaron $11 mnx siendo que mi gasto fue de $188 mnx. Es una burla pagar dinero y no tener soluciones y tampoco reembolso,1,2026-05-10,0,37,0
Rappi,mejor,5,2026-05-10,0,1,1
Rappi,no sirve la pantalla principal,1,2026-05-10,0,5,0
Rappi,"Muy buena, la pedí por la tarjeta y te da buen crédito",5,2026-05-10,0,12,1
Rappi,buenazo,4,2026-05-10,0,1,1
Rappi,"que aplicación tan mala, incumplen los tiempos de entrega, la comida llega fría, tarifas carísimas, no la recomiendo",1,2026-05-09,0,18,0
Rappi,"por lejos la peor aplicación de compras y envíos de todo Chile, nunca respetan los horarios de entrega, pueden tener tu comida paseando por las calles por 1 hora y no les preocupa tu salud y menos que esperes, son por lejos la peor aplicación. no la descargue, no la use, ahórrate los malos ratos!",1,2026-05-09,0,55,0
Rappi,"Decepcionada de esta aplicación con el poco filtro que tienen con sus repartidores. Tuve una experiencia pésima con el último repartidor, grosero, vulgar y maleducado. Para rematar, su motocicleta no tenía ni placa. ¿Cómo es posible? Y solo permiten hacer reclamos por chat, no hay un solo teléfono para dar una queja. Lamentable.",1,2026-05-09,0,53,0
Rappi,es buena Pero lo que no me gusta es que no tenga opción de cancelar pedido y soporte no ayuda con nada.,1,2026-05-09,0,22,0
Rappi,👌🏽,5,2026-05-09,0,1,1
Rappi,"pésima aplicación desvalidan tarjetas de crédito, un martirio",1,2026-05-09,0,8,0
Rappi,la verdad se empieza bien con la app pero ahora ya es muy nefasta y no me deja hacer rappi favores y me quiere cobrar o hacer el favor como quiere y la verdad se vuelve muy fastidioso optare por otra aplicación,1,2026-05-09,0,42,0
Rappi,"la comida llega calientita y el servio está bien llega de acuerdo a la hora que indica y tienes más opciones de compras que otras apps, es mi primera impresión y me pareció excelente",5,2026-05-09,0,34,1
Rappi,por qué no tiene figuritas,1,2026-05-09,0,5,0
Rappi,no carga es nada y eso que le acabo de descargar puro error es lo que me da,1,2026-05-09,0,18,0
Rappi,no me dieron ni una resolución con un cashback pendiente que no me llegó,1,2026-05-09,0,14,0
Rappi,alcahuetean a los repartidores y a veces a los restaurantes en sus malas practicas,1,2026-05-09,0,14,0
Rappi,pésimo ya llevan varias veces que me asen cobros de mi tarjeta sin que yo pida nada y siempre es lo mismo el problema luego no te asen el reembolso de inmediato y tardan días en aserlo pésimo ayer fue la última vez que lo use y la desistalare y no la volveré a usar,1,2026-05-09,0,55,0
Rappi,Compré con rappi créditos unas croquetas que nunca me llegaron y por política no van a reembolsarlos. Me siento estafado,1,2026-05-09,0,20,0
Rappi,"Soporte y contactar a un agente no sirven para nada, te mandan mensajes genericos que no resuelven el problema y te dejan en el chat indefinidamente sin responder nada.",1,2026-05-09,0,29,0
Rappi,"No me convence, recomiendo comprar en la misma página del Restaurante y no por esta APP, no cobran más si está más lejos o más cerca, la tarifa es la misma, hice una comparación y me he ahorrado bastante pidiendo a la misma página del Restaurante, por Rappi he perdido mucho dinero, así que ya no lo uso más",1,2026-05-09,0,59,0
Rappi,Cool,5,2026-05-09,0,1,1
Rappi,"No, muy demorado el sistema de reparto, demasiado demorado, Hra 1.30 de demora en llegar un pedido, demasiado tiempo y llega frío o golpeado, los repartidores recojen varios pedidos y se ponen a dar vueltas, uno paga la rapidez y de nada sirve, llegan tarde... para rematar algo que me molesta esque ponen una hora estimada y la aplazan, y vuelven y la aplazan, 4 a 5 veces aplazan la hora de llegada máxima, esta mejor didi, esta es mi última compra en esta plataforma. mucha falla con la entrega.",1,2026-05-09,0,90,0
Rappi,"una porquería, no se que paso que no se actualiza, no deja hacer los pagos...",1,2026-05-09,0,15,0
Rappi,"2 hora y medias para que llegue un pedido, no te deja cancelarlo sin cobrarme plata, se sigue postergando, un desastre...",1,2026-05-09,0,21,0
Rappi,"Que mal servicio al cliente, compré unos productos en rappi turbo con rappicreditos debitados del convenio con LATAM pass, el pedido lo cancelaron sin ninguna razón, y reembolsaron los créditos, pero ya no me deja usarlos en rappi turbo, y ni modo de contactarme con alguien de soporte, porque es imposible, ni pagando rappi pro.",1,2026-05-09,0,55,0
Rappi,le falta llegar a otras zonas,2,2026-05-09,0,6,0
Rappi,"horrible la estafa que son y como mienten con los cupones...te dicen 15 mil pesos por ser pro, son cupones separados de 5 mil y solo es reintegro en monedas y no dinero real,un desastre, te tienen que dar el monto de dinero, no pagar y que luego te lo reintegren, así como me hice pro me doy de baja sin pagar nada y desinstalada, un desastre como mienten y ni hablar el desastre que es la interfaz no se ven reflejados los cupones, no sé si los toma o no, y encima cobran tarifa de servicio",1,2026-05-09,0,97,0
Rappi,excelente,5,2026-05-09,0,1,1
Rappi,bien,4,2026-05-09,0,1,1
Rappi,"Un desastre,ya me pasó dos veces, la primera vez hice un pedido y nunca llegó,tmp avisaron que no iba a venir, y ahora me volvió a pasar con otro pedido TODO MAL, se olvidaron de cosas y trajeron mal la comida de mi amiga que es vegetariana!! y no me reembolsaron!!",1,2026-05-09,0,51,0
Rappi,nefasta atención al cliente de parte de la app. no saben tomar reclamos,1,2026-05-09,0,13,0
Rappi,es muy bueno,5,2026-05-09,0,3,1
Rappi,No hay cobertura,1,2026-05-09,0,3,0
Rappi,muy buena ap,5,2026-05-09,0,3,1
Rappi,eficas,5,2026-05-09,0,1,1
Rappi,Actualización a 09/05/2026 Pagué nuevamente la membresía (nunca aprendo) y los cupones que te dan no los podes usar NUNCA no me dejó usar ni uno y el beneficio que supuestamente te dan de Chatgtp go es una mentira. NO LA RECOMIENDO. Pagué un pedido que nunca me llegó y soporte me ignoro tal y como se lee. Siendo Rappiprime no me dieron soluciónes y pague una luca y media alpedo.,1,2026-05-09,0,71,0
Rappi,"Si se les da la oportunidad de una oferta muy barata, NO LA USEN. Esta app es una completa estafa y no entrega nunca lo que uno pide. pedi una oferta de mcdonalds y espere 5 horas por una simple hamburguesa que nunca me llegó. Tampoco dan respuestas sobre tu pedido porque el soporte es inservible. rappi devuelveme mi dinero, han pasado 2 dias y simplemente no me dan respuestas sobre que ocurre con mi dinero. Pidan en PedidosYa porque ellos si tienen buena atención al cliente y NO ESTAFAN.",1,2026-05-09,0,90,0
Rappi,exelente,5,2026-05-09,0,1,1
Rappi,2 horas esperando un pedido y no te devuelve la plata lo tenes que esperar igual lo pedí para el desayuno y ya es el almuerzo,1,2026-05-09,0,26,0
Rappi,genial,5,2026-05-09,0,1,1
Rappi,excelente,5,2026-05-09,0,1,1
Rappi,"Agregaron un servicio ""exprés"" en el que te cobran un extra pero te aseguran que tus alimentos llegarán en menos de 30 minutos. Entiendo que a veces se vuelve imposible hacerlo, pero considero que lo mínimo decente es devolverte el extra que pagaste, pero se deslindan completamente y es imposible contactarlos para expresar tu inconformidad por este tema sin implicar al repartidor que no tiene que ver en esta situación.",2,2026-05-09,0,70,0
Rappi,"no me solucionaron un problema de un pedido que no llegó, no me devolvieron la plata y no me dejan iniciar otro reclamo porque dicen que el anterior sigue abierto, pero la conversación está cerrada y no puedo reabrirla",1,2026-05-09,0,39,0
Rappi,"Si pudiera les daría 0 estrellas. Estoy hace más de 1 hs esperando un pedido de un local que está como mucho, a 15 minutos de mi casa. El local cumplió con los tiempos y el pedido estaba listo para ser retirado. Hace por lo menos 1 h que la página me dice que el repartidor está en camino al local y no es así. Quiero cancelarlo y me dicen que me van a cobrar el importe del pedido que NO RECIBI. No sólo eso, sino que además el chat de soporte no sirve de nada, te da respuestas automáticas.",1,2026-05-09,0,100,0
Rappi,bueno,5,2026-05-09,0,1,1
Rappi,"Rappi es un asco, me tuvo como 3 horas esperando a que el motorizado llegue al restaurante a recibir el pedido que jamás llegó",1,2026-05-09,0,24,0
Rappi,me parece una experiencia y un excelente servicio útil y rapido,5,2026-05-09,0,11,1
Rappi,se atrasan todos los pedidos,1,2026-05-09,0,5,0
Rappi,Los Avia elegido pera cambiarme y pedir mi despensa pero no sirve no puedo pagar con ningún método me. Rechaza luego me saca de mi secion mejor la borro y optop otra ves por didi o uber,1,2026-05-09,0,37,0
Rappi,"Horrible la app, te agregan propinas aunque no quieras poner y no te dejan quitarlas o cancelar, ya van varias veces que me la ponen en automático y su atención a clientes es nefasta.",1,2026-05-09,0,34,0
Rappi,excelente,5,2026-05-09,0,1,1
Rappi,"ladrones, me llegó un pedido tarde tres horas después y me faltan productos reclamé y en dale un mensaje que no pueden hacer nada, ratas, ladrones descarados",1,2026-05-09,0,27,0
Rappi,Secuestran tu dinero y colman tu paciencia. La cereza del pastel: Te asesora una IA que no sirve para nada. Les doy una estrella porque es admirable su esfuerzo en empeorar cada vez más su servicio.,1,2026-05-09,0,36,0
Rappi,"El soporte de la aplicación esta lleno de personas negligentes que no aportan en el caso, yo por un error de la misma aplicación me generaron una deuda que no debería que despues me cobraron SIN AUTORIZACIÓN de mi tarjeta,despues al intentar solucionar mi error mediante un ticket en el pedido, se me fue cerrado sin siquiera ayudarme, despues intente abrir un ticket de pagos sin autorización en donde la persona que me atendió fue bastante descortés en donde no aporto a mi caso y se fue sin mas",1,2026-05-09,0,89,0
Rappi,muy buena la aplicación,5,2026-05-09,0,4,1
Rappi,"una completa basura. Cómo es posible que no te devuelvan el dinero si cancelas el pedido? puede ser entendible si el repartidor ya se encuentra en camino, pero HICE UN PEDIDO PARA PROBAR Y VER COMO ERA LA APP, ME COBRÓ, quise cancelar RÁPIDO. PERO NO ME DEVOLVÍA MI DINERO. JAJAJAJAJAJAJA. Que aplicación con una política mala",1,2026-05-09,0,57,0
Rappi,Pésimo soporte al usuario,2,2026-05-09,0,4,0
Rappi,"No usaba mucho la app, y la ultima vez hice un pedido que actualizo 3 veces la hora de entrega ya estando listo el pedido. para esa gracia pedía en otro lado y cuando fui a cancelar el pedido ya que me toco rebuscar que comer igual tenia que pagar lo que nunca me iba a llegar. pésimo servicio pero si andan pidiendo mas propinas al final de cada pedido. No vuelvo a usar rappi en mi vida. prefiero aguantar hambre ese día.",1,2026-05-09,0,83,0
Rappi,excelente aplicación,5,2026-05-09,0,2,1
Rappi,pesimo,1,2026-05-09,0,1,0
Rappi,"la app esta funcionando pésimo, todos los ultimos pedidos que he hecho el repartidor se demora hasta 1 hora desde que sale del local, diciendo que tuvo que ir a buscar otros pedidos. pesimo servicio",1,2026-05-09,0,35,0
Rappi,"excelente servicio y con buenas promociones como el de ahorrar y sus buenos precios , los q entregan son nuy amables 10/10",5,2026-05-09,0,22,1
Rappi,En la propina cuando lo modifica uno nomás se va aumentando y no deja que se ponga la cantidad que uno quiere,2,2026-05-09,0,22,0
Rappi,mucha demora llega la comida fría y no se puede reclamar,1,2026-05-09,0,11,0
Rappi,excelente,4,2026-05-09,0,1,1
Rappi,Literalmente un restaurante sin menu y un subway hasta el centro de tu ciudad pero no donde ahi uno super cerca. Si rappi busca ingenieros en sistemas haganse un favor y no soliciten la chamba.,1,2026-05-09,0,35,0
Rappi,hacr 7min que se esta instalando,1,2026-05-09,0,6,0
Rappi,"Muy buen servicio y promos pero la app es inusable. En el pasado andaba de maravilla, la fueron ralentizando con cada rediseño. Ahora (desde hace más de un año) se congela y crashea luego de usarla un rato o al cambiar de aplicación y volver a Rappi",2,2026-05-09,24,47,0
Rappi,No tienen servicio al cliente funcional,1,2026-05-09,0,6,0
Rappi,ok,5,2026-05-09,0,1,1
Rappi,Llegó 1 hora tarde en mi primera compra y encima me cargaron una penalidad superior a mi pedido. 3 semanas y no resuelven...,1,2026-05-09,0,23,0
Rappi,"la aplicación es útil, pero el servicio al cliente no existe",2,2026-05-09,0,11,0
Rappi,Los repartidores no piden los códigos cuando se hace el pago adelantado El pedido se lo dan a cualquiera Me han robado y ahora nadie se hace responsable de eso No se puede confiar en que tu pedido llegará si lo pagas antes,1,2026-05-09,0,43,0
Rappi,en general muy bien siempre atienden y responden inquietudes muy rápido,5,2026-05-08,0,11,1
Rappi,de 10,5,2026-05-08,0,2,1
Rappi,is good,5,2026-05-08,0,2,1
Rappi,muy buena,5,2026-05-08,0,2,1
Rappi,bueno,5,2026-05-08,0,1,1
Rappi,"Hice un pedido. Un repartidor lo tomo y nada que llegaba. Me cambiaron la hora de entrega como 3 veces, así que me llamo con el repartidor para ver qué había pasado. Me dijo que no, que el no sabía, que ya ni estaba laborando. Y lo único que me decía era que volviera a hacer el pedido. QUE???? Me tocaba volver a pagar los 80mil pesos. Pesimo la verdad. Última vez que uso la app",1,2026-05-08,0,76,0
Rappi,"Hice un pedido de unos medicamentos porque estaba enferma, el pedido lo enviaba cruz verde, el domiciliario no quiso subir hasta el apartamento y yo no podía bajar, tuve que cancelar el pedido y aún así me lo cobraron, me lo descontaron de mi tarjeta, sin entregar el producto. y me bloquearon los mensajes, no pude hacer ninguna observación ni poner la queja.",1,2026-05-08,1,63,0
Rappi,hice un pedido express que tardó 1hr+ cancelé porque no me daba el tiempo y tuve que pagar 128,1,2026-05-08,0,19,0
Rappi,me trajeron un helado descongelado y sin cuchara,1,2026-05-08,0,8,0
Rappi,buena,5,2026-05-08,0,1,1
Rappi,"la aplicación no te da un solución como tal, tuve mala experiencia con algunos restaurantes pedí reembolso en crédito porque la espera fue un montón y de paso me dieron mi pedido equivocado me indicaron que si que se me iba devolver y nunca aprecio el crédito no me permite hablar con un agente, no funciona el soporte automático... este será el último mes que pagué.",1,2026-05-08,0,66,0
Rappi,bien,5,2026-05-08,0,1,1
Rappi,"PESIMO tienen repartidores con pésimas calificaciones y no se pq les permiten seguir trabajando, recogen los pedidos en los locales y después no van a dejarlos, una escribe y no contestan, llamo y no contestan, pido ayuda en la plataforma y solo dice ""nosotros también lo estamos contactando, ten en cuenta que si no contesta podria ir conduciendo a tu dirección"" cuando por el gps es claro que no viene en camino. no da la opción de cambiar repartidor ni si quiera sacar propina",1,2026-05-08,2,84,0
Rappi,La tuve que desinstalar para volverla a instalar por qué el anuncio de rappi card no me dejaba entrar ni hacer pedidos 😑,1,2026-05-08,0,23,0
Rappi,es muy buena,5,2026-05-08,0,3,1
Rappi,La solución a los antojos de última hora,5,2026-05-08,0,8,1
Rappi,"no la recomiendo..en 2024 la instale para hacer pedidos de comida, ahora resulta que hay una persona utilizando mis datos (nombre ,rut ) trabajando de repartidor..e tratado de contactar con soporte y no solucionan el problema..me están llegando boletas a servicio de impuestos internos ..desinstale la aplicación y denuncie en fiscalia.. no tienen oficinas en chile ..",1,2026-05-08,0,57,0
Rappi,rapidez en la entrega,5,2026-05-08,0,4,1
Rappi,"Ni se molesten. Precios inflados, si hay problemas te ofrecen disculpas. No vale la pena el costo por el disgusto de usar este servicio mediocre. y no... pedir ayuda dentro de la app no sirve..",1,2026-05-08,0,35,0
Rappi,pésima,1,2026-05-08,0,1,0
Rappi,"la peor app para pedir comida, tienes suerte si te llega el pedido",1,2026-05-08,0,13,0
Rappi,pagué para que supuestamente llegara más rápido y está igual o más tardado que si hubiese pagado el envío más económico. No garantizan nada. pésimo servicio de la app,1,2026-05-08,0,29,0
Rappi,falta mejorar muchos aspectos,4,2026-05-08,0,4,1
Rappi,"comenzaron muy bien pero actualmente el servicio es inservible realizo pedidos me descuentan el dinero de la cuenta no llega nada, se les demuestra el error y no realizan la devolución",1,2026-05-08,0,31,0
Rappi,"aviso importante si vas a pedir por este medio, si el restaurante no tiene lo que querés, y cancelas el pedido por que supuestamente a ellos no los dejan proceder así ante el problema, tenes que pagar igual por lo que no te trajeron. el soporte no te solucina nada, te cierran el chat al toque, muy bonito.",1,2026-05-08,0,58,0
Rappi,probando.,4,2026-05-08,0,1,1
Rappi,excelente,5,2026-05-08,0,1,1
Rappi,"son una estafa, entregas demoradas cero control a domiciliaros, terrible el soporte",1,2026-05-08,0,12,0
Rappi,pq hay dos pagos para pagarle al repartidor? osea uno paga por un servicio no para que le roben dos veces,1,2026-05-08,0,21,0
Rappi,Alguien de aquí le ha pasado lo siguiente porque cada vez que hago un pedido me bloquea la aplicación 😡 solo me deja pedir una vez 😡 y me salen con que estoy manejando varias cuentas por términos y condiciones 😭.... tampoco reconoce las contraseñas de verificación 😱😱😱😱😱😱,1,2026-05-08,0,48,0
Rappi,"Es ridículo lo mal que funciona está app, un pedido de 3 elementos, 2 horas y 3 repartidores después tuve que cancelar porque no tengo ni la más remota idea de que esta sucediendo. Funciona demasiado mal, súper tardados, la app te bombardea con publicidad, es de no creer. De 10 pedidos que he hecho 7 han tenido algún problema. Si se esforzaran porque andase mal la verdad no podrian hacerlo peor que ahora mismo.",1,2026-05-08,0,75,0
Rappi,"No te dan reembolso del dinero, este app es una estafa tampoco te llega el pedido",1,2026-05-08,0,16,0
Rappi,"Para la gente que usa esta aplicacion para pedir, ni lo haga. Hice un pedido y me sacaron los créditos qué tenía por un error de ellos. después pedi otra cosa y no me lo reembolsaron por errores de ellos. y no te dan solución es mejor pedir por otro lado y no por esta app",1,2026-05-08,0,56,0
Rappi,"es una aplicación ladrona , ojalá estás reseñas lo vean las entidades que regulan las empresas para que le pongan su respectiva multa , ya que les hice una compra en un supermercado por valor de 140.000 habia un producto que no había entonces supuestamente hacen la devolución , compraron algo totalmente diferente a lo que se pidió en la aplicación dándose un valor de 60.000 pesos pero aún más sin embargo cobraron los 140.000 y está es la hora que nisiquiera me han hecho la devolución",1,2026-05-08,1,87,0
Rappi,me gusta mucho la aplicación pero en mi otro celular hice un pedido con tarjeta no me di cuenta que no tenía saldo El chico del kfc llegó a mi destino se fue de largo una cuadra dijo que había entregado el KFC mandó una foto borrosa y me están pidiendo que pague esa deuda del kfc que yo no he consumido,5,2026-05-08,0,62,1
Rappi,NECESITO SOPORTE URGENTE Y NINGUN ASISTENTE ME AUXILIA,1,2026-05-08,3,8,0
